59.1717;5;random;205;21:17 31-03-2026
59.2554;5;random;205;21:17 31-03-2026
59.502;5;random;205;21:17 31-03-2026
59.1486;5;random;205;21:17 31-03-2026
59.4589;5;random;205;21:17 31-03-2026
118.757;5;random;205;21:18 31-03-2026
118.954;5;random;205;21:18 31-03-2026
119.008;5;random;205;21:18 31-03-2026
118.61;5;random;205;21:18 31-03-2026
118.734;5;random;205;21:18 31-03-2026
177.971;5;random;205;21:19 31-03-2026
178.637;5;random;205;21:19 31-03-2026
178.621;5;random;205;21:19 31-03-2026
178.207;5;random;205;21:19 31-03-2026
178.891;5;random;205;21:20 31-03-2026
238.475;5;random;205;21:21 31-03-2026
238.793;5;random;205;21:21 31-03-2026
238.135;5;random;205;21:21 31-03-2026
238.751;5;random;205;21:21 31-03-2026
238.787;5;random;205;21:22 31-03-2026
298.242;5;random;205;21:23 31-03-2026
297.962;5;random;205;21:23 31-03-2026
299.041;5;random;205;21:23 31-03-2026
298.563;5;random;205;21:23 31-03-2026
297.713;5;random;205;21:24 31-03-2026
59.9455;6;random;150;21:20 31-03-2026
59.9184;6;random;150;21:20 31-03-2026
59.9991;6;random;150;21:20 31-03-2026
59.4254;6;random;150;21:21 31-03-2026
59.146;6;random;150;21:21 31-03-2026
119.234;6;random;150;21:22 31-03-2026
119.248;6;random;150;21:22 31-03-2026
119.173;6;random;150;21:23 31-03-2026
118.986;6;random;150;21:23 31-03-2026
119.283;6;random;150;21:23 31-03-2026
178.615;6;random;150;21:24 31-03-2026
178.019;6;random;150;21:24 31-03-2026
178.246;6;random;150;21:24 31-03-2026
178.731;6;random;150;21:25 31-03-2026
178.587;6;random;150;21:25 31-03-2026
237.673;6;random;150;21:26 31-03-2026
238.637;6;random;150;21:27 31-03-2026
238.108;6;random;150;21:27 31-03-2026
238.602;6;random;150;21:27 31-03-2026
239.206;6;random;150;21:27 31-03-2026
298.45;6;random;150;21:28 31-03-2026
298.861;6;random;150;21:28 31-03-2026
298.066;6;random;150;21:28 31-03-2026
299.091;6;random;150;21:29 31-03-2026
299.19;6;random;150;21:29 31-03-2026
59.8895;7;random;147;21:25 31-03-2026
59.8816;7;random;147;21:25 31-03-2026
59.4425;7;random;147;21:26 31-03-2026
59.5531;7;random;147;21:26 31-03-2026
59.32;7;random;147;21:26 31-03-2026
119.174;7;random;147;21:27 31-03-2026
119.762;7;random;147;21:28 31-03-2026
119.919;7;random;147;21:28 31-03-2026
119.977;7;random;147;21:28 31-03-2026
119.983;7;random;147;21:28 31-03-2026
179.722;7;random;147;21:30 31-03-2026
179.451;7;random;147;21:30 31-03-2026
179.908;7;random;147;21:30 31-03-2026
179.634;7;random;147;21:30 31-03-2026
179.824;7;random;147;21:30 31-03-2026
238.955;7;random;147;21:32 31-03-2026
238.983;7;random;147;21:32 31-03-2026
239.042;7;random;147;21:32 31-03-2026
238.821;7;random;147;21:32 31-03-2026
238.889;7;random;147;21:32 31-03-2026
298.817;7;random;147;21:33 31-03-2026
299.212;7;random;147;21:33 31-03-2026
298.988;7;random;147;21:34 31-03-2026
299.098;7;random;147;21:34 31-03-2026
298.329;7;random;147;21:35 31-03-2026
0.0196385;10;brute_force;102;20:33 31-03-2026
0.0252202;10;brute_force;102;20:33 31-03-2026
0.0261162;10;brute_force;102;20:33 31-03-2026
0.0259087;10;brute_force;102;20:33 31-03-2026
0.024687;10;brute_force;102;20:33 31-03-2026
0.0185867;10;brute_force;102;20:34 31-03-2026
0.0252229;10;brute_force;102;20:34 31-03-2026
0.0259497;10;brute_force;102;20:34 31-03-2026
0.284251;11;brute_force;129;20:33 31-03-2026
0.292102;11;brute_force;129;20:33 31-03-2026
0.291525;11;brute_force;129;20:33 31-03-2026
0.292383;11;brute_force;129;20:33 31-03-2026
0.295431;11;brute_force;129;20:33 31-03-2026
0.215286;11;brute_force;129;20:34 31-03-2026
0.220101;11;brute_force;129;20:34 31-03-2026
0.265875;11;brute_force;129;20:34 31-03-2026
2.74249;12;brute_force;176;20:33 31-03-2026
3.44419;12;brute_force;176;20:33 31-03-2026
3.49756;12;brute_force;176;20:33 31-03-2026
3.5018;12;brute_force;176;20:33 31-03-2026
3.51648;12;brute_force;176;20:33 31-03-2026
2.4377;12;brute_force;176;20:34 31-03-2026
2.4422;12;brute_force;176;20:34 31-03-2026
2.44526;12;brute_force;176;20:34 31-03-2026
30.4286;13;brute_force;203;20:35 31-03-2026
30.4637;13;brute_force;203;20:35 31-03-2026
30.4918;13;brute_force;203;20:35 31-03-2026
2.4456e-05;5;brute_force;205;20:33 31-03-2026
2.3995e-05;5;brute_force;205;20:33 31-03-2026
1.8726e-05;5;brute_force;205;20:33 31-03-2026
3.237e-05;5;brute_force;205;20:33 31-03-2026
1.9807e-05;5;brute_force;205;20:33 31-03-2026
1.9206e-05;5;brute_force;205;20:34 31-03-2026
1.7844e-05;5;brute_force;205;20:34 31-03-2026
2.0048e-05;5;brute_force;205;20:34 31-03-2026
1.8444e-05;6;brute_force;150;20:33 31-03-2026
2.175e-05;6;brute_force;150;20:33 31-03-2026
2.2653e-05;6;brute_force;150;20:33 31-03-2026
2.3575e-05;6;brute_force;150;20:33 31-03-2026
2.5818e-05;6;brute_force;150;20:33 31-03-2026
3.6138e-05;6;brute_force;150;20:34 31-03-2026
2.2592e-05;6;brute_force;150;20:34 31-03-2026
2.651e-05;6;brute_force;150;20:34 31-03-2026
4.4864e-05;7;brute_force;147;20:33 31-03-2026
4.784e-05;7;brute_force;147;20:33 31-03-2026
4.8691e-05;7;brute_force;147;20:33 31-03-2026
5.6486e-05;7;brute_force;147;20:33 31-03-2026
4.9503e-05;7;brute_force;147;20:33 31-03-2026
6.5303e-05;7;brute_force;147;20:34 31-03-2026
5.3551e-05;7;brute_force;147;20:34 31-03-2026
4.4634e-05;7;brute_force;147;20:34 31-03-2026
0.000225503;8;brute_force;149;20:33 31-03-2026
0.000275226;8;brute_force;149;20:33 31-03-2026
0.000255178;8;brute_force;149;20:33 31-03-2026
0.000287459;8;brute_force;149;20:33 31-03-2026
0.000350638;8;brute_force;149;20:33 31-03-2026
0.000227025;8;brute_force;149;20:34 31-03-2026
0.000236604;8;brute_force;149;20:34 31-03-2026
0.000248767;8;brute_force;149;20:34 31-03-2026
0.00232544;9;brute_force;140;20:33 31-03-2026
0.0024556;9;brute_force;140;20:33 31-03-2026
0.00274336;9;brute_force;140;20:33 31-03-2026
0.00245227;9;brute_force;140;20:33 31-03-2026
0.00276757;9;brute_force;140;20:33 31-03-2026
0.00189682;9;brute_force;140;20:34 31-03-2026
0.00226276;9;brute_force;140;20:34 31-03-2026
0.00219145;9;brute_force;140;20:34 31-03-2026
1.9016e-05;10;nn;224;20:33 31-03-2026
1.8595e-05;10;nn;224;20:33 31-03-2026
2.0268e-05;10;nn;224;20:33 31-03-2026
2.1541e-05;10;nn;224;20:33 31-03-2026
1.9036e-05;10;nn;224;20:33 31-03-2026
2.2643e-05;11;nn;239;20:33 31-03-2026
2.0518e-05;11;nn;239;20:33 31-03-2026
1.8976e-05;11;nn;239;20:33 31-03-2026
1.6681e-05;11;nn;239;20:33 31-03-2026
1.8535e-05;11;nn;239;20:33 31-03-2026
1.8725e-05;12;nn;316;20:33 31-03-2026
1.9517e-05;12;nn;316;20:33 31-03-2026
1.9176e-05;12;nn;316;20:33 31-03-2026
1.9647e-05;12;nn;316;20:33 31-03-2026
1.7924e-05;12;nn;316;20:33 31-03-2026
2.0188e-05;13;nn;239;20:33 31-03-2026
1.8405e-05;13;nn;239;20:33 31-03-2026
2.685e-05;13;nn;239;20:33 31-03-2026
1.8625e-05;13;nn;239;20:33 31-03-2026
1.8746e-05;13;nn;239;20:33 31-03-2026
1.9507e-05;14;nn;184;20:33 31-03-2026
1.6391e-05;14;nn;184;20:33 31-03-2026
1.7343e-05;14;nn;184;20:33 31-03-2026
2.5428e-05;14;nn;184;20:33 31-03-2026
2.684e-05;14;nn;184;20:33 31-03-2026
2.8965e-05;5;nn;219;20:33 31-03-2026
2.5728e-05;5;nn;219;20:33 31-03-2026
3.0537e-05;5;nn;219;20:33 31-03-2026
2.0749e-05;5;nn;219;20:33 31-03-2026
1.8855e-05;5;nn;219;20:33 31-03-2026
1.8535e-05;6;nn;166;20:33 31-03-2026
2.0298e-05;6;nn;166;20:33 31-03-2026
1.8605e-05;6;nn;166;20:33 31-03-2026
2.0478e-05;6;nn;166;20:33 31-03-2026
1.8285e-05;6;nn;166;20:33 31-03-2026
1.7663e-05;7;nn;250;20:33 31-03-2026
1.9426e-05;7;nn;250;20:33 31-03-2026
2.2823e-05;7;nn;250;20:33 31-03-2026
2.2432e-05;7;nn;250;20:33 31-03-2026
1.6982e-05;7;nn;250;20:33 31-03-2026
1.9186e-05;8;nn;149;20:33 31-03-2026
2.4836e-05;8;nn;149;20:33 31-03-2026
1.9286e-05;8;nn;149;20:33 31-03-2026
2.2392e-05;8;nn;149;20:33 31-03-2026
3.8923e-05;8;nn;149;20:33 31-03-2026
1.9908e-05;9;nn;243;20:33 31-03-2026
1.8215e-05;9;nn;243;20:33 31-03-2026
2.0088e-05;9;nn;243;20:33 31-03-2026
2.0729e-05;9;nn;243;20:33 31-03-2026
2.1109e-05;9;nn;243;20:33 31-03-2026
120.009;10;random;102;20:16 31-03-2026
59.9993;10;random;102;20:22 31-03-2026
119.978;10;random;102;20:24 31-03-2026
180.009;10;random;102;20:25 31-03-2026
239.893;10;random;102;20:26 31-03-2026
299.846;10;random;102;20:27 31-03-2026
120.001;11;random;129;20:16 31-03-2026
59.9772;11;random;129;20:24 31-03-2026
120.005;11;random;129;20:25 31-03-2026
179.929;11;random;129;20:26 31-03-2026
239.865;11;random;129;20:27 31-03-2026
299.755;11;random;129;20:29 31-03-2026
120.006;12;random;176;20:16 31-03-2026
59.9665;12;random;176;20:25 31-03-2026
119.935;12;random;176;20:26 31-03-2026
179.738;12;random;176;20:27 31-03-2026
239.877;12;random;176;20:28 31-03-2026
299.891;12;random;176;20:30 31-03-2026
120.008;13;random;203;20:16 31-03-2026
59.9926;13;random;213;20:26 31-03-2026
119.977;13;random;203;20:27 31-03-2026
179.958;13;random;203;20:28 31-03-2026
239.996;13;random;203;20:29 31-03-2026
299.954;13;random;203;20:31 31-03-2026
120.002;14;random;133;20:16 31-03-2026
59.965;14;random;171;20:27 31-03-2026
119.946;14;random;160;20:28 31-03-2026
179.916;14;random;150;20:29 31-03-2026
239.919;14;random;150;20:30 31-03-2026
299.995;14;random;150;20:32 31-03-2026
120.004;5;random;205;20:16 31-03-2026
59.9815;5;random;205;20:19 31-03-2026
119.991;5;random;205;20:20 31-03-2026
179.916;5;random;205;20:21 31-03-2026
239.878;5;random;205;20:22 31-03-2026
299.972;5;random;205;20:23 31-03-2026
120.007;6;random;150;20:16 31-03-2026
59.9459;6;random;150;20:19 31-03-2026
119.951;6;random;150;20:20 31-03-2026
180.01;6;random;150;20:21 31-03-2026
239.848;6;random;150;20:22 31-03-2026
299.87;6;random;150;20:23 31-03-2026
120.003;7;random;147;20:16 31-03-2026
59.991;7;random;147;20:19 31-03-2026
119.955;7;random;147;20:20 31-03-2026
179.926;7;random;147;20:21 31-03-2026
239.933;7;random;147;20:22 31-03-2026
299.901;7;random;147;20:24 31-03-2026
119.996;8;random;149;20:16 31-03-2026
59.9344;8;random;149;20:20 31-03-2026
119.931;8;random;149;20:21 31-03-2026
179.881;8;random;149;20:23 31-03-2026
239.934;8;random;149;20:24 31-03-2026
299.682;8;random;149;20:25 31-03-2026
120.001;9;random;140;20:16 31-03-2026
60.0038;9;random;140;20:21 31-03-2026
119.895;9;random;140;20:23 31-03-2026
179.956;9;random;140;20:24 31-03-2026
239.902;9;random;140;20:25 31-03-2026
299.689;9;random;140;20:26 31-03-2026
3.1088e-05;10;rnn;196;20:34 31-03-2026
2.4226e-05;10;rnn;196;20:34 31-03-2026
2.7292e-05;10;rnn;196;20:34 31-03-2026
2.4947e-05;10;rnn;196;20:34 31-03-2026
2.4636e-05;10;rnn;196;20:34 31-03-2026
2.4145e-05;10;rnn;196;20:34 31-03-2026
2.4295e-05;10;rnn;196;20:34 31-03-2026
2.2923e-05;10;rnn;196;20:34 31-03-2026
2.3253e-05;10;rnn;196;20:34 31-03-2026
2.4185e-05;10;rnn;196;20:34 31-03-2026
2.4165e-05;10;rnn;196;20:34 31-03-2026
2.9465e-05;10;rnn;196;20:34 31-03-2026
2.6801e-05;10;rnn;196;20:34 31-03-2026
2.4536e-05;10;rnn;196;20:34 31-03-2026
2.4476e-05;10;rnn;196;20:34 31-03-2026
2.4376e-05;10;rnn;196;20:34 31-03-2026
2.4877e-05;10;rnn;196;20:34 31-03-2026
3.3122e-05;10;rnn;196;20:34 31-03-2026
3.2711e-05;10;rnn;196;20:34 31-03-2026
2.5919e-05;10;rnn;196;20:34 31-03-2026
2.4196e-05;10;rnn;196;20:34 31-03-2026
3.2571e-05;10;rnn;196;20:34 31-03-2026
2.3194e-05;10;rnn;196;20:34 31-03-2026
2.9014e-05;10;rnn;196;20:34 31-03-2026
2.4957e-05;10;rnn;196;20:34 31-03-2026
2.8884e-05;10;rnn;196;20:34 31-03-2026
2.3905e-05;10;rnn;196;20:34 31-03-2026
2.3704e-05;10;rnn;196;20:34 31-03-2026
2.4827e-05;10;rnn;196;20:34 31-03-2026
2.3514e-05;10;rnn;196;20:34 31-03-2026
2.8925e-05;10;rnn;196;20:34 31-03-2026
2.8313e-05;10;rnn;196;20:34 31-03-2026
2.3684e-05;10;rnn;196;20:34 31-03-2026
2.3444e-05;10;rnn;196;20:34 31-03-2026
2.3875e-05;10;rnn;196;20:34 31-03-2026
2.3494e-05;10;rnn;196;20:34 31-03-2026
3.2481e-05;10;rnn;196;20:34 31-03-2026
2.3174e-05;10;rnn;196;20:34 31-03-2026
2.3514e-05;10;rnn;196;20:34 31-03-2026
3.5387e-05;10;rnn;196;20:34 31-03-2026
2.3393e-05;10;rnn;196;20:34 31-03-2026
2.3144e-05;10;rnn;196;20:34 31-03-2026
2.4316e-05;10;rnn;196;20:34 31-03-2026
2.3554e-05;10;rnn;196;20:34 31-03-2026
2.3654e-05;10;rnn;196;20:34 31-03-2026
2.4085e-05;10;rnn;196;20:34 31-03-2026
3.202e-05;10;rnn;196;20:34 31-03-2026
2.4275e-05;10;rnn;196;20:34 31-03-2026
2.4256e-05;10;rnn;196;20:34 31-03-2026
2.2963e-05;10;rnn;196;20:34 31-03-2026
2.5177e-05;11;rnn;153;20:34 31-03-2026
2.5207e-05;11;rnn;153;20:34 31-03-2026
2.6129e-05;11;rnn;153;20:34 31-03-2026
2.662e-05;11;rnn;153;20:34 31-03-2026
2.5868e-05;11;rnn;153;20:34 31-03-2026
2.5027e-05;11;rnn;153;20:34 31-03-2026
2.4827e-05;11;rnn;153;20:34 31-03-2026
2.3604e-05;11;rnn;153;20:34 31-03-2026
2.5308e-05;11;rnn;153;20:34 31-03-2026
2.4266e-05;11;rnn;153;20:34 31-03-2026
2.4936e-05;11;rnn;153;20:34 31-03-2026
2.9665e-05;11;rnn;153;20:34 31-03-2026
3.0788e-05;11;rnn;153;20:34 31-03-2026
2.7592e-05;11;rnn;153;20:34 31-03-2026
2.5117e-05;11;rnn;153;20:34 31-03-2026
2.666e-05;11;rnn;153;20:34 31-03-2026
2.6129e-05;11;rnn;153;20:34 31-03-2026
2.3735e-05;11;rnn;153;20:34 31-03-2026
2.3014e-05;11;rnn;153;20:34 31-03-2026
2.5438e-05;11;rnn;153;20:34 31-03-2026
2.5318e-05;11;rnn;153;20:34 31-03-2026
2.5358e-05;11;rnn;153;20:34 31-03-2026
2.4505e-05;11;rnn;153;20:34 31-03-2026
2.4265e-05;11;rnn;153;20:34 31-03-2026
2.5027e-05;11;rnn;153;20:34 31-03-2026
2.5208e-05;11;rnn;153;20:34 31-03-2026
2.5628e-05;11;rnn;153;20:34 31-03-2026
2.4496e-05;11;rnn;153;20:34 31-03-2026
2.5809e-05;11;rnn;153;20:34 31-03-2026
2.5558e-05;11;rnn;153;20:34 31-03-2026
2.6099e-05;11;rnn;153;20:34 31-03-2026
2.5308e-05;11;rnn;153;20:34 31-03-2026
2.4355e-05;11;rnn;153;20:34 31-03-2026
2.3183e-05;11;rnn;153;20:34 31-03-2026
2.5287e-05;11;rnn;153;20:34 31-03-2026
2.5368e-05;11;rnn;153;20:34 31-03-2026
2.5167e-05;11;rnn;153;20:34 31-03-2026
2.4757e-05;11;rnn;153;20:34 31-03-2026
2.5789e-05;11;rnn;153;20:34 31-03-2026
2.5147e-05;11;rnn;153;20:34 31-03-2026
2.4676e-05;11;rnn;153;20:34 31-03-2026
2.4926e-05;11;rnn;153;20:34 31-03-2026
2.5217e-05;11;rnn;153;20:34 31-03-2026
2.4687e-05;11;rnn;153;20:34 31-03-2026
2.5318e-05;11;rnn;153;20:34 31-03-2026
2.5758e-05;11;rnn;153;20:34 31-03-2026
2.9676e-05;11;rnn;153;20:34 31-03-2026
2.4426e-05;11;rnn;153;20:34 31-03-2026
2.3835e-05;11;rnn;153;20:34 31-03-2026
2.8183e-05;11;rnn;153;20:34 31-03-2026
2.648e-05;12;rnn;214;20:34 31-03-2026
2.7822e-05;12;rnn;214;20:34 31-03-2026
2.8734e-05;12;rnn;214;20:34 31-03-2026
2.7441e-05;12;rnn;214;20:34 31-03-2026
3.215e-05;12;rnn;214;20:34 31-03-2026
2.9195e-05;12;rnn;214;20:34 31-03-2026
2.8263e-05;12;rnn;214;20:34 31-03-2026
2.8995e-05;12;rnn;214;20:34 31-03-2026
2.7672e-05;12;rnn;214;20:34 31-03-2026
2.9395e-05;12;rnn;214;20:34 31-03-2026
3.0287e-05;12;rnn;214;20:34 31-03-2026
2.8293e-05;12;rnn;214;20:34 31-03-2026
3.0547e-05;12;rnn;214;20:34 31-03-2026
2.7141e-05;12;rnn;214;20:34 31-03-2026
3.3503e-05;12;rnn;214;20:34 31-03-2026
2.667e-05;12;rnn;214;20:34 31-03-2026
5.0024e-05;12;rnn;214;20:34 31-03-2026
4.1598e-05;12;rnn;214;20:34 31-03-2026
2.7171e-05;12;rnn;214;20:34 31-03-2026
2.4736e-05;12;rnn;214;20:34 31-03-2026
2.8614e-05;12;rnn;214;20:34 31-03-2026
3.1589e-05;12;rnn;214;20:34 31-03-2026
2.8784e-05;12;rnn;214;20:34 31-03-2026
2.8323e-05;12;rnn;214;20:34 31-03-2026
2.9165e-05;12;rnn;214;20:34 31-03-2026
3.1359e-05;12;rnn;214;20:34 31-03-2026
2.9406e-05;12;rnn;214;20:34 31-03-2026
2.7542e-05;12;rnn;214;20:34 31-03-2026
3.5787e-05;12;rnn;214;20:34 31-03-2026
2.9144e-05;12;rnn;214;20:34 31-03-2026
2.9826e-05;12;rnn;214;20:34 31-03-2026
2.7402e-05;12;rnn;214;20:34 31-03-2026
2.8544e-05;12;rnn;214;20:34 31-03-2026
2.8103e-05;12;rnn;214;20:34 31-03-2026
2.8013e-05;12;rnn;214;20:34 31-03-2026
2.8354e-05;12;rnn;214;20:34 31-03-2026
2.716e-05;12;rnn;214;20:34 31-03-2026
3.1859e-05;12;rnn;214;20:34 31-03-2026
3.0147e-05;12;rnn;214;20:34 31-03-2026
2.7852e-05;12;rnn;214;20:34 31-03-2026
3.0617e-05;12;rnn;214;20:34 31-03-2026
2.673e-05;12;rnn;214;20:34 31-03-2026
4.5675e-05;12;rnn;214;20:34 31-03-2026
2.696e-05;12;rnn;214;20:34 31-03-2026
2.9044e-05;12;rnn;214;20:34 31-03-2026
2.8543e-05;12;rnn;214;20:34 31-03-2026
2.7261e-05;12;rnn;214;20:34 31-03-2026
2.8664e-05;12;rnn;214;20:34 31-03-2026
2.7992e-05;12;rnn;214;20:34 31-03-2026
2.7722e-05;12;rnn;214;20:34 31-03-2026
2.7932e-05;13;rnn;239;20:34 31-03-2026
3.4735e-05;13;rnn;239;20:34 31-03-2026
2.8934e-05;13;rnn;239;20:34 31-03-2026
3.6629e-05;13;rnn;239;20:34 31-03-2026
2.7572e-05;13;rnn;239;20:34 31-03-2026
3.1489e-05;13;rnn;239;20:34 31-03-2026
3.3713e-05;13;rnn;239;20:34 31-03-2026
4.3972e-05;13;rnn;239;20:34 31-03-2026
2.8594e-05;13;rnn;239;20:34 31-03-2026
2.8724e-05;13;rnn;239;20:34 31-03-2026
3.3022e-05;13;rnn;239;20:34 31-03-2026
2.8053e-05;13;rnn;239;20:34 31-03-2026
2.9205e-05;13;rnn;239;20:34 31-03-2026
4.0727e-05;13;rnn;239;20:34 31-03-2026
2.9385e-05;13;rnn;239;20:34 31-03-2026
3.3883e-05;13;rnn;239;20:34 31-03-2026
2.7812e-05;13;rnn;239;20:34 31-03-2026
2.8643e-05;13;rnn;239;20:34 31-03-2026
2.9795e-05;13;rnn;239;20:34 31-03-2026
3.0467e-05;13;rnn;239;20:34 31-03-2026
2.9566e-05;13;rnn;239;20:34 31-03-2026
2.9135e-05;13;rnn;239;20:34 31-03-2026
2.9646e-05;13;rnn;239;20:34 31-03-2026
2.9896e-05;13;rnn;239;20:34 31-03-2026
3.1339e-05;13;rnn;239;20:34 31-03-2026
2.9886e-05;13;rnn;239;20:34 31-03-2026
3.1319e-05;13;rnn;239;20:34 31-03-2026
2.9906e-05;13;rnn;239;20:34 31-03-2026
2.8944e-05;13;rnn;239;20:34 31-03-2026
2.685e-05;13;rnn;239;20:34 31-03-2026
2.8684e-05;13;rnn;239;20:34 31-03-2026
2.8784e-05;13;rnn;239;20:34 31-03-2026
2.9315e-05;13;rnn;239;20:34 31-03-2026
2.9927e-05;13;rnn;239;20:34 31-03-2026
2.8453e-05;13;rnn;239;20:34 31-03-2026
2.64e-05;13;rnn;239;20:34 31-03-2026
3.8523e-05;13;rnn;239;20:34 31-03-2026
2.9004e-05;13;rnn;239;20:34 31-03-2026
2.9456e-05;13;rnn;239;20:34 31-03-2026
2.8814e-05;13;rnn;239;20:34 31-03-2026
2.9816e-05;13;rnn;239;20:34 31-03-2026
2.8393e-05;13;rnn;239;20:34 31-03-2026
2.9846e-05;13;rnn;239;20:34 31-03-2026
2.8844e-05;13;rnn;239;20:34 31-03-2026
3.0528e-05;13;rnn;239;20:34 31-03-2026
4.2009e-05;13;rnn;239;20:34 31-03-2026
3.0137e-05;13;rnn;239;20:34 31-03-2026
2.9996e-05;13;rnn;239;20:34 31-03-2026
2.9986e-05;13;rnn;239;20:34 31-03-2026
3.0397e-05;13;rnn;239;20:34 31-03-2026
3.2942e-05;14;rnn;133;20:34 31-03-2026
3.4986e-05;14;rnn;133;20:34 31-03-2026
3.2672e-05;14;rnn;133;20:34 31-03-2026
3.0247e-05;14;rnn;133;20:34 31-03-2026
3.3954e-05;14;rnn;133;20:34 31-03-2026
2.9906e-05;14;rnn;133;20:34 31-03-2026
4.1608e-05;14;rnn;133;20:34 31-03-2026
4.1668e-05;14;rnn;133;20:34 31-03-2026
3.1469e-05;14;rnn;133;20:34 31-03-2026
4.0687e-05;14;rnn;133;20:34 31-03-2026
5.5514e-05;14;rnn;133;20:34 31-03-2026
3.242e-05;14;rnn;133;20:34 31-03-2026
3.3583e-05;14;rnn;133;20:34 31-03-2026
3.2481e-05;14;rnn;133;20:34 31-03-2026
3.1328e-05;14;rnn;133;20:34 31-03-2026
3.176e-05;14;rnn;133;20:34 31-03-2026
3.0848e-05;14;rnn;133;20:34 31-03-2026
3.2642e-05;14;rnn;133;20:34 31-03-2026
3.1709e-05;14;rnn;133;20:34 31-03-2026
3.8342e-05;14;rnn;133;20:34 31-03-2026
3.213e-05;14;rnn;133;20:34 31-03-2026
3.3072e-05;14;rnn;133;20:34 31-03-2026
3.2511e-05;14;rnn;133;20:34 31-03-2026
3.9474e-05;14;rnn;133;20:34 31-03-2026
3.2621e-05;14;rnn;133;20:34 31-03-2026
3.2101e-05;14;rnn;133;20:34 31-03-2026
4.0345e-05;14;rnn;133;20:34 31-03-2026
4.2079e-05;14;rnn;133;20:34 31-03-2026
3.0718e-05;14;rnn;133;20:34 31-03-2026
3.1579e-05;14;rnn;133;20:34 31-03-2026
3.2741e-05;14;rnn;133;20:34 31-03-2026
3.191e-05;14;rnn;133;20:34 31-03-2026
3.1559e-05;14;rnn;133;20:34 31-03-2026
2.9125e-05;14;rnn;133;20:34 31-03-2026
3.196e-05;14;rnn;133;20:34 31-03-2026
8.6673e-05;14;rnn;133;20:34 31-03-2026
3.239e-05;14;rnn;133;20:34 31-03-2026
3.0878e-05;14;rnn;133;20:34 31-03-2026
3.3503e-05;14;rnn;133;20:34 31-03-2026
3.183e-05;14;rnn;133;20:34 31-03-2026
3.3112e-05;14;rnn;133;20:34 31-03-2026
3.3513e-05;14;rnn;133;20:34 31-03-2026
3.3603e-05;14;rnn;133;20:34 31-03-2026
3.184e-05;14;rnn;133;20:34 31-03-2026
3.211e-05;14;rnn;133;20:34 31-03-2026
3.19e-05;14;rnn;133;20:34 31-03-2026
3.3573e-05;14;rnn;133;20:34 31-03-2026
3.3302e-05;14;rnn;133;20:34 31-03-2026
3.189e-05;14;rnn;133;20:34 31-03-2026
3.3032e-05;14;rnn;133;20:34 31-03-2026
2.2111e-05;5;rnn;219;20:34 31-03-2026
2.0289e-05;5;rnn;219;20:34 31-03-2026
2.0198e-05;5;rnn;219;20:34 31-03-2026
1.573e-05;5;rnn;219;20:34 31-03-2026
1.7172e-05;5;rnn;219;20:34 31-03-2026
2.8554e-05;5;rnn;219;20:34 31-03-2026
1.9858e-05;5;rnn;219;20:34 31-03-2026
1.8265e-05;5;rnn;219;20:34 31-03-2026
1.8124e-05;5;rnn;219;20:34 31-03-2026
2.7772e-05;5;rnn;219;20:34 31-03-2026
1.8685e-05;5;rnn;219;20:34 31-03-2026
1.7734e-05;5;rnn;219;20:34 31-03-2026
1.7943e-05;5;rnn;219;20:34 31-03-2026
1.8645e-05;5;rnn;219;20:34 31-03-2026
2.632e-05;5;rnn;219;20:34 31-03-2026
1.8064e-05;5;rnn;219;20:34 31-03-2026
2.0228e-05;5;rnn;219;20:34 31-03-2026
2.0709e-05;5;rnn;219;20:34 31-03-2026
1.9015e-05;5;rnn;219;20:34 31-03-2026
1.9006e-05;5;rnn;219;20:34 31-03-2026
1.7593e-05;5;rnn;219;20:34 31-03-2026
1.8565e-05;5;rnn;219;20:34 31-03-2026
1.7814e-05;5;rnn;219;20:34 31-03-2026
1.8424e-05;5;rnn;219;20:34 31-03-2026
1.8886e-05;5;rnn;219;20:34 31-03-2026
1.9747e-05;5;rnn;219;20:34 31-03-2026
2.0789e-05;5;rnn;219;20:34 31-03-2026
1.8565e-05;5;rnn;219;20:34 31-03-2026
1.9476e-05;5;rnn;219;20:34 31-03-2026
1.8655e-05;5;rnn;219;20:34 31-03-2026
1.8545e-05;5;rnn;219;20:34 31-03-2026
2.6149e-05;5;rnn;219;20:34 31-03-2026
2.7011e-05;5;rnn;219;20:34 31-03-2026
3.0146e-05;5;rnn;219;20:34 31-03-2026
2.6319e-05;5;rnn;219;20:34 31-03-2026
2.6971e-05;5;rnn;219;20:34 31-03-2026
3.0327e-05;5;rnn;219;20:34 31-03-2026
1.8886e-05;5;rnn;219;20:34 31-03-2026
1.8605e-05;5;rnn;219;20:34 31-03-2026
1.8214e-05;5;rnn;219;20:34 31-03-2026
1.9106e-05;5;rnn;219;20:34 31-03-2026
6.2457e-05;5;rnn;219;20:34 31-03-2026
1.8635e-05;5;rnn;219;20:34 31-03-2026
1.7993e-05;5;rnn;219;20:34 31-03-2026
1.8344e-05;5;rnn;219;20:34 31-03-2026
1.7784e-05;5;rnn;219;20:34 31-03-2026
1.579e-05;5;rnn;219;20:34 31-03-2026
1.9096e-05;5;rnn;219;20:34 31-03-2026
1.8645e-05;5;rnn;219;20:34 31-03-2026
1.8645e-05;5;rnn;219;20:34 31-03-2026
1.9327e-05;6;rnn;161;20:34 31-03-2026
1.9326e-05;6;rnn;161;20:34 31-03-2026
3.185e-05;6;rnn;161;20:34 31-03-2026
1.9527e-05;6;rnn;161;20:34 31-03-2026
1.7773e-05;6;rnn;161;20:34 31-03-2026
2.1129e-05;6;rnn;161;20:34 31-03-2026
1.9897e-05;6;rnn;161;20:34 31-03-2026
2.3714e-05;6;rnn;161;20:34 31-03-2026
1.9366e-05;6;rnn;161;20:34 31-03-2026
1.8204e-05;6;rnn;161;20:34 31-03-2026
1.9346e-05;6;rnn;161;20:34 31-03-2026
1.6972e-05;6;rnn;161;20:34 31-03-2026
1.7452e-05;6;rnn;161;20:34 31-03-2026
1.8214e-05;6;rnn;161;20:34 31-03-2026
1.9847e-05;6;rnn;161;20:34 31-03-2026
1.8916e-05;6;rnn;161;20:34 31-03-2026
2.6119e-05;6;rnn;161;20:34 31-03-2026
1.8936e-05;6;rnn;161;20:34 31-03-2026
2.0509e-05;6;rnn;161;20:34 31-03-2026
2.4036e-05;6;rnn;161;20:34 31-03-2026
1.8074e-05;6;rnn;161;20:34 31-03-2026
1.8675e-05;6;rnn;161;20:34 31-03-2026
2.3384e-05;6;rnn;161;20:34 31-03-2026
2.4195e-05;6;rnn;161;20:34 31-03-2026
2.3244e-05;6;rnn;161;20:34 31-03-2026
2.8293e-05;6;rnn;161;20:34 31-03-2026
2.694e-05;6;rnn;161;20:34 31-03-2026
2.0168e-05;6;rnn;161;20:34 31-03-2026
1.9807e-05;6;rnn;161;20:34 31-03-2026
1.9626e-05;6;rnn;161;20:34 31-03-2026
1.8164e-05;6;rnn;161;20:34 31-03-2026
1.8655e-05;6;rnn;161;20:34 31-03-2026
1.7002e-05;6;rnn;161;20:34 31-03-2026
2.12e-05;6;rnn;161;20:34 31-03-2026
1.9337e-05;6;rnn;161;20:34 31-03-2026
2.0227e-05;6;rnn;161;20:34 31-03-2026
1.9286e-05;6;rnn;161;20:34 31-03-2026
2.0429e-05;6;rnn;161;20:34 31-03-2026
2.1791e-05;6;rnn;161;20:34 31-03-2026
2.1069e-05;6;rnn;161;20:34 31-03-2026
1.9536e-05;6;rnn;161;20:34 31-03-2026
2.0339e-05;6;rnn;161;20:34 31-03-2026
2.3934e-05;6;rnn;161;20:34 31-03-2026
2.2552e-05;6;rnn;161;20:34 31-03-2026
1.9627e-05;6;rnn;161;20:34 31-03-2026
2.0869e-05;6;rnn;161;20:34 31-03-2026
1.9817e-05;6;rnn;161;20:34 31-03-2026
1.9196e-05;6;rnn;161;20:34 31-03-2026
1.9817e-05;6;rnn;161;20:34 31-03-2026
1.9958e-05;6;rnn;161;20:34 31-03-2026
2.64e-05;7;rnn;147;20:34 31-03-2026
1.9637e-05;7;rnn;147;20:34 31-03-2026
2.0088e-05;7;rnn;147;20:34 31-03-2026
1.7283e-05;7;rnn;147;20:34 31-03-2026
2.0378e-05;7;rnn;147;20:34 31-03-2026
1.9466e-05;7;rnn;147;20:34 31-03-2026
2.0909e-05;7;rnn;147;20:34 31-03-2026
1.9536e-05;7;rnn;147;20:34 31-03-2026
1.8054e-05;7;rnn;147;20:34 31-03-2026
1.9947e-05;7;rnn;147;20:34 31-03-2026
2.0668e-05;7;rnn;147;20:34 31-03-2026
2.8934e-05;7;rnn;147;20:34 31-03-2026
2.1861e-05;7;rnn;147;20:34 31-03-2026
2.7832e-05;7;rnn;147;20:34 31-03-2026
2.1771e-05;7;rnn;147;20:34 31-03-2026
1.9546e-05;7;rnn;147;20:34 31-03-2026
2.0839e-05;7;rnn;147;20:34 31-03-2026
2.0549e-05;7;rnn;147;20:34 31-03-2026
2.2011e-05;7;rnn;147;20:34 31-03-2026
2.5577e-05;7;rnn;147;20:34 31-03-2026
2.0208e-05;7;rnn;147;20:34 31-03-2026
2.0458e-05;7;rnn;147;20:34 31-03-2026
2.2162e-05;7;rnn;147;20:34 31-03-2026
2.5388e-05;7;rnn;147;20:34 31-03-2026
2.0769e-05;7;rnn;147;20:34 31-03-2026
2.103e-05;7;rnn;147;20:34 31-03-2026
2.0699e-05;7;rnn;147;20:34 31-03-2026
2.5458e-05;7;rnn;147;20:34 31-03-2026
2.2903e-05;7;rnn;147;20:34 31-03-2026
2.0498e-05;7;rnn;147;20:34 31-03-2026
2.1431e-05;7;rnn;147;20:34 31-03-2026
2.5428e-05;7;rnn;147;20:34 31-03-2026
1.9246e-05;7;rnn;147;20:34 31-03-2026
2.129e-05;7;rnn;147;20:34 31-03-2026
2.0108e-05;7;rnn;147;20:34 31-03-2026
1.9497e-05;7;rnn;147;20:34 31-03-2026
1.9938e-05;7;rnn;147;20:34 31-03-2026
2.137e-05;7;rnn;147;20:34 31-03-2026
1.9707e-05;7;rnn;147;20:34 31-03-2026
1.7663e-05;7;rnn;147;20:34 31-03-2026
2.0759e-05;7;rnn;147;20:34 31-03-2026
1.9867e-05;7;rnn;147;20:34 31-03-2026
1.9357e-05;7;rnn;147;20:34 31-03-2026
2.0899e-05;7;rnn;147;20:34 31-03-2026
2.0739e-05;7;rnn;147;20:34 31-03-2026
2.5488e-05;7;rnn;147;20:34 31-03-2026
1.9988e-05;7;rnn;147;20:34 31-03-2026
2.0539e-05;7;rnn;147;20:34 31-03-2026
1.9928e-05;7;rnn;147;20:34 31-03-2026
2.137e-05;7;rnn;147;20:34 31-03-2026
2.0378e-05;8;rnn;149;20:34 31-03-2026
2.1861e-05;8;rnn;149;20:34 31-03-2026
2.4275e-05;8;rnn;149;20:34 31-03-2026
2.8994e-05;8;rnn;149;20:34 31-03-2026
2.1421e-05;8;rnn;149;20:34 31-03-2026
2.118e-05;8;rnn;149;20:34 31-03-2026
2.0549e-05;8;rnn;149;20:34 31-03-2026
2.2282e-05;8;rnn;149;20:34 31-03-2026
2.1751e-05;8;rnn;149;20:34 31-03-2026
1.9206e-05;8;rnn;149;20:34 31-03-2026
1.8525e-05;8;rnn;149;20:34 31-03-2026
2.1069e-05;8;rnn;149;20:34 31-03-2026
2.0378e-05;8;rnn;149;20:34 31-03-2026
1.8705e-05;8;rnn;149;20:34 31-03-2026
2.1451e-05;8;rnn;149;20:34 31-03-2026
2.093e-05;8;rnn;149;20:34 31-03-2026
2.0429e-05;8;rnn;149;20:34 31-03-2026
2.658e-05;8;rnn;149;20:34 31-03-2026
2.1581e-05;8;rnn;149;20:34 31-03-2026
2.4416e-05;8;rnn;149;20:34 31-03-2026
2.669e-05;8;rnn;149;20:34 31-03-2026
2.2122e-05;8;rnn;149;20:34 31-03-2026
2.4746e-05;8;rnn;149;20:34 31-03-2026
2.4867e-05;8;rnn;149;20:34 31-03-2026
3.7891e-05;8;rnn;149;20:34 31-03-2026
2.2172e-05;8;rnn;149;20:34 31-03-2026
2.8904e-05;8;rnn;149;20:34 31-03-2026
2.149e-05;8;rnn;149;20:34 31-03-2026
2.8123e-05;8;rnn;149;20:34 31-03-2026
2.3144e-05;8;rnn;149;20:34 31-03-2026
2.109e-05;8;rnn;149;20:34 31-03-2026
2.0969e-05;8;rnn;149;20:34 31-03-2026
2.1801e-05;8;rnn;149;20:34 31-03-2026
2.1841e-05;8;rnn;149;20:34 31-03-2026
2.144e-05;8;rnn;149;20:34 31-03-2026
2.0278e-05;8;rnn;149;20:34 31-03-2026
2.1551e-05;8;rnn;149;20:34 31-03-2026
2.2392e-05;8;rnn;149;20:34 31-03-2026
2.7111e-05;8;rnn;149;20:34 31-03-2026
2.3174e-05;8;rnn;149;20:34 31-03-2026
2.0759e-05;8;rnn;149;20:34 31-03-2026
2.153e-05;8;rnn;149;20:34 31-03-2026
2.2272e-05;8;rnn;149;20:34 31-03-2026
2.7802e-05;8;rnn;149;20:34 31-03-2026
2.2011e-05;8;rnn;149;20:34 31-03-2026
1.9486e-05;8;rnn;149;20:34 31-03-2026
2.0589e-05;8;rnn;149;20:34 31-03-2026
2.0469e-05;8;rnn;149;20:34 31-03-2026
2.138e-05;8;rnn;149;20:34 31-03-2026
2.119e-05;8;rnn;149;20:34 31-03-2026
2.179e-05;9;rnn;140;20:34 31-03-2026
2.4376e-05;9;rnn;140;20:34 31-03-2026
2.1991e-05;9;rnn;140;20:34 31-03-2026
2.115e-05;9;rnn;140;20:34 31-03-2026
2.135e-05;9;rnn;140;20:34 31-03-2026
2.2622e-05;9;rnn;140;20:34 31-03-2026
2.2883e-05;9;rnn;140;20:34 31-03-2026
2.4035e-05;9;rnn;140;20:34 31-03-2026
3.1009e-05;9;rnn;140;20:34 31-03-2026
2.2562e-05;9;rnn;140;20:34 31-03-2026
2.1911e-05;9;rnn;140;20:34 31-03-2026
2.1079e-05;9;rnn;140;20:34 31-03-2026
2.124e-05;9;rnn;140;20:34 31-03-2026
2.3574e-05;9;rnn;140;20:34 31-03-2026
2.3203e-05;9;rnn;140;20:34 31-03-2026
2.129e-05;9;rnn;140;20:34 31-03-2026
2.5147e-05;9;rnn;140;20:34 31-03-2026
2.3754e-05;9;rnn;140;20:34 31-03-2026
2.0308e-05;9;rnn;140;20:34 31-03-2026
2.1851e-05;9;rnn;140;20:34 31-03-2026
2.7672e-05;9;rnn;140;20:34 31-03-2026
2.1731e-05;9;rnn;140;20:34 31-03-2026
2.2602e-05;9;rnn;140;20:34 31-03-2026
2.1931e-05;9;rnn;140;20:34 31-03-2026
2.1039e-05;9;rnn;140;20:34 31-03-2026
3.7691e-05;9;rnn;140;20:34 31-03-2026
2.2162e-05;9;rnn;140;20:34 31-03-2026
2.1581e-05;9;rnn;140;20:34 31-03-2026
2.3654e-05;9;rnn;140;20:34 31-03-2026
2.3154e-05;9;rnn;140;20:34 31-03-2026
2.3174e-05;9;rnn;140;20:34 31-03-2026
2.2963e-05;9;rnn;140;20:34 31-03-2026
2.2712e-05;9;rnn;140;20:34 31-03-2026
2.4226e-05;9;rnn;140;20:34 31-03-2026
2.0258e-05;9;rnn;140;20:34 31-03-2026
2.2352e-05;9;rnn;140;20:34 31-03-2026
2.2923e-05;9;rnn;140;20:34 31-03-2026
2.3013e-05;9;rnn;140;20:34 31-03-2026
2.2341e-05;9;rnn;140;20:34 31-03-2026
2.2021e-05;9;rnn;140;20:34 31-03-2026
2.2913e-05;9;rnn;140;20:34 31-03-2026
2.2312e-05;9;rnn;140;20:34 31-03-2026
2.2152e-05;9;rnn;140;20:34 31-03-2026
2.2112e-05;9;rnn;140;20:34 31-03-2026
2.2542e-05;9;rnn;140;20:34 31-03-2026
2.2713e-05;9;rnn;140;20:34 31-03-2026
2.2462e-05;9;rnn;140;20:34 31-03-2026
2.4526e-05;9;rnn;140;20:34 31-03-2026
2.9656e-05;9;rnn;140;20:34 31-03-2026
2.2372e-05;9;rnn;140;20:34 31-03-2026
3.6309e-05;14;random;2147483647;23:07 31-03-2026
4.8712e-05;14;random;529;23:07 31-03-2026
5.6216e-05;14;random;364;23:07 31-03-2026
6.937e-05;14;random;387;23:07 31-03-2026
7.0983e-05;14;random;365;23:07 31-03-2026
5.7819e-05;14;random;478;23:07 31-03-2026
5.7137e-05;14;random;406;23:07 31-03-2026
6.6374e-05;14;random;423;23:07 31-03-2026
6.2607e-05;14;random;398;23:07 31-03-2026
3.6699e-05;14;random;2147483647;23:07 31-03-2026
6.4972e-05;14;random;435;23:07 31-03-2026
7.1064e-05;14;random;429;23:07 31-03-2026
6.1656e-05;14;random;467;23:07 31-03-2026
6.1024e-05;14;random;345;23:07 31-03-2026
7.1034e-05;14;random;394;23:07 31-03-2026
6.8248e-05;14;random;438;23:07 31-03-2026
7.6413e-05;14;random;392;23:07 31-03-2026
7.971e-05;14;random;392;23:07 31-03-2026
7.4119e-05;14;random;377;23:07 31-03-2026
6.6004e-05;14;random;427;23:07 31-03-2026
7.5221e-05;14;random;377;23:07 31-03-2026
7.5571e-05;14;random;362;23:07 31-03-2026
7.6854e-05;14;random;398;23:07 31-03-2026
7.7996e-05;14;random;381;23:07 31-03-2026
7.5321e-05;14;random;394;23:07 31-03-2026
7.5081e-05;14;random;360;23:07 31-03-2026
8.6172e-05;14;random;387;23:07 31-03-2026
7.994e-05;14;random;393;23:07 31-03-2026
8.2434e-05;14;random;381;23:07 31-03-2026
3.6839e-05;14;random;537;23:07 31-03-2026
7.998e-05;14;random;379;23:07 31-03-2026
8.3056e-05;14;random;299;23:07 31-03-2026
9.609e-05;14;random;377;23:07 31-03-2026
8.8025e-05;14;random;352;23:07 31-03-2026
9.1482e-05;14;random;376;23:07 31-03-2026
9.7874e-05;14;random;312;23:07 31-03-2026
9.4016e-05;14;random;354;23:07 31-03-2026
9.0971e-05;14;random;350;23:07 31-03-2026
9.8014e-05;14;random;334;23:07 31-03-2026
9.2343e-05;14;random;435;23:07 31-03-2026
9.7042e-05;14;random;414;23:07 31-03-2026
0.000100027;14;random;381;23:07 31-03-2026
9.8926e-05;14;random;304;23:07 31-03-2026
9.8795e-05;14;random;386;23:07 31-03-2026
0.000102722;14;random;359;23:07 31-03-2026
9.9106e-05;14;random;368;23:07 31-03-2026
0.000106209;14;random;359;23:07 31-03-2026
0.000104335;14;random;366;23:07 31-03-2026
0.000104616;14;random;368;23:07 31-03-2026
0.000103294;14;random;335;23:07 31-03-2026
0.000108042;14;random;327;23:07 31-03-2026
0.000111088;14;random;381;23:07 31-03-2026
0.000113122;14;random;285;23:07 31-03-2026
7.6854e-05;14;random;399;23:07 31-03-2026
0.000111078;14;random;343;23:07 31-03-2026
0.00011181;14;random;416;23:07 31-03-2026
0.000119835;14;random;377;23:07 31-03-2026
0.000119474;14;random;340;23:07 31-03-2026
0.000109415;14;random;382;23:07 31-03-2026
0.0001119;14;random;409;23:07 31-03-2026
0.000119805;14;random;312;23:07 31-03-2026
0.00012276;14;random;355;23:07 31-03-2026
0.000121779;14;random;350;23:07 31-03-2026
0.000120176;14;random;342;23:07 31-03-2026
0.000116118;14;random;344;23:07 31-03-2026
0.000121618;14;random;374;23:07 31-03-2026
0.00011698;14;random;362;23:07 31-03-2026
0.000127359;14;random;363;23:07 31-03-2026
0.000127549;14;random;333;23:07 31-03-2026
0.000126618;14;random;377;23:07 31-03-2026
0.00011228;14;random;330;23:07 31-03-2026
0.000123051;14;random;370;23:07 31-03-2026
0.000134723;14;random;344;23:07 31-03-2026
0.000133059;14;random;373;23:07 31-03-2026
0.000128191;14;random;368;23:07 31-03-2026
0.000120005;14;random;354;23:07 31-03-2026
0.000129503;14;random;342;23:07 31-03-2026
0.000133661;14;random;364;23:07 31-03-2026
0.000134462;14;random;368;23:07 31-03-2026
0.000142988;14;random;349;23:07 31-03-2026
0.000136506;14;random;352;23:07 31-03-2026
0.000137809;14;random;299;23:07 31-03-2026
0.000142608;14;random;374;23:07 31-03-2026
0.00013898;14;random;366;23:07 31-03-2026
0.000138209;14;random;337;23:07 31-03-2026
0.000139401;14;random;308;23:07 31-03-2026
0.000143228;14;random;379;23:07 31-03-2026
0.00014433;14;random;335;23:07 31-03-2026
0.000146144;14;random;312;23:07 31-03-2026
0.000142858;14;random;382;23:07 31-03-2026
0.000146816;14;random;358;23:07 31-03-2026
0.000156042;14;random;400;23:08 31-03-2026
0.00016514;14;random;323;23:08 31-03-2026
0.000159029;14;random;317;23:08 31-03-2026
0.000263234;14;random;291;23:08 31-03-2026
0.000188985;14;random;406;23:08 31-03-2026
0.000199514;14;random;288;23:08 31-03-2026
0.00019181;14;random;379;23:08 31-03-2026
0.000191891;14;random;371;23:08 31-03-2026
0.00022409;14;random;297;23:08 31-03-2026
0.000236113;14;random;378;23:08 31-03-2026
0.000258385;14;random;303;23:08 31-03-2026
0.000265859;14;random;354;23:08 31-03-2026
0.000246352;14;random;380;23:08 31-03-2026
0.000268473;14;random;295;23:08 31-03-2026
0.000275616;14;random;374;23:08 31-03-2026
0.000294373;14;random;329;23:08 31-03-2026
0.00031446;14;random;339;23:08 31-03-2026
0.000318678;14;random;349;23:08 31-03-2026
0.000329268;14;random;354;23:08 31-03-2026
0.000336411;14;random;339;23:08 31-03-2026
0.000347322;14;random;354;23:08 31-03-2026
0.000352962;14;random;344;23:08 31-03-2026
0.000365405;14;random;299;23:08 31-03-2026
0.000372909;14;random;316;23:08 31-03-2026
0.000392456;14;random;346;23:08 31-03-2026
0.000397356;14;random;303;23:08 31-03-2026
0.000411933;14;random;320;23:08 31-03-2026
0.000420188;14;random;374;23:08 31-03-2026
0.000429806;14;random;355;23:08 31-03-2026
0.0004374;14;random;344;23:08 31-03-2026
0.000448581;14;random;346;23:08 31-03-2026
0.000461686;14;random;309;23:08 31-03-2026
0.000471956;14;random;280;23:08 31-03-2026
0.000479019;14;random;347;23:08 31-03-2026
0.000490781;14;random;344;23:08 31-03-2026
0.000500058;14;random;352;23:08 31-03-2026
0.000505598;14;random;329;23:08 31-03-2026
0.000514255;14;random;321;23:08 31-03-2026
0.00053818;14;random;343;23:08 31-03-2026
0.000535865;14;random;301;23:08 31-03-2026
0.000551213;14;random;379;23:08 31-03-2026
0.000560722;14;random;338;23:08 31-03-2026
0.000571642;14;random;340;23:08 31-03-2026
0.000523762;14;random;359;23:08 31-03-2026
0.000589385;14;random;346;23:08 31-03-2026
0.000652694;14;random;323;23:08 31-03-2026
0.000607981;14;random;316;23:08 31-03-2026
0.0006238;14;random;358;23:08 31-03-2026
0.000622377;14;random;331;23:08 31-03-2026
0.000642806;14;random;320;23:08 31-03-2026
0.000648667;14;random;330;23:08 31-03-2026
0.000663785;14;random;320;23:08 31-03-2026
0.000669987;14;random;323;23:08 31-03-2026
0.000757781;14;random;303;23:08 31-03-2026
0.000690465;14;random;357;23:08 31-03-2026
0.000628268;14;random;341;23:08 31-03-2026
0.000709651;14;random;271;23:08 31-03-2026
0.000662092;14;random;342;23:08 31-03-2026
0.000728687;14;random;293;23:08 31-03-2026
0.000740479;14;random;291;23:08 31-03-2026
0.000749355;14;random;319;23:08 31-03-2026
0.000748304;14;random;280;23:08 31-03-2026
0.00077343;14;random;342;23:08 31-03-2026
0.000740569;14;random;275;23:08 31-03-2026
0.000785733;14;random;310;23:08 31-03-2026
0.000801603;14;random;357;23:08 31-03-2026
0.000807946;14;random;346;23:08 31-03-2026
0.000820989;14;random;323;23:08 31-03-2026
0.000823113;14;random;291;23:08 31-03-2026
0.000841818;14;random;311;23:08 31-03-2026
0.000849514;14;random;297;23:08 31-03-2026
0.000860734;14;random;296;23:08 31-03-2026
0.000867978;14;random;299;23:08 31-03-2026
0.000872917;14;random;324;23:08 31-03-2026
0.00089541;14;random;306;23:08 31-03-2026
0.000896943;14;random;337;23:08 31-03-2026
0.000909706;14;random;253;23:08 31-03-2026
0.000919104;14;random;282;23:08 31-03-2026
0.00086352;14;random;261;23:08 31-03-2026
0.000935495;14;random;353;23:08 31-03-2026
0.000899719;14;random;316;23:08 31-03-2026
0.000927479;14;random;337;23:08 31-03-2026
0.000966522;14;random;263;23:08 31-03-2026
0.000983414;14;random;325;23:08 31-03-2026
0.000983495;14;random;336;23:08 31-03-2026
0.00100305;14;random;323;23:08 31-03-2026
0.00094926;14;random;314;23:08 31-03-2026
0.00100111;14;random;306;23:08 31-03-2026
0.000947618;14;random;288;23:08 31-03-2026
0.00103799;14;random;276;23:08 31-03-2026
0.00104235;14;random;297;23:08 31-03-2026
0.00104336;14;random;333;23:08 31-03-2026
0.00114425;14;random;325;23:08 31-03-2026
0.00124184;14;random;257;23:08 31-03-2026
0.00134278;14;random;318;23:08 31-03-2026
0.00142598;14;random;285;23:08 31-03-2026
0.0015282;14;random;299;23:08 31-03-2026
0.00165308;14;random;299;23:08 31-03-2026
0.00174917;14;random;315;23:08 31-03-2026
0.0018405;14;random;287;23:08 31-03-2026
0.00194384;14;random;303;23:08 31-03-2026
0.00204113;14;random;337;23:08 31-03-2026
0.00214983;14;random;310;23:08 31-03-2026
0.00225065;14;random;301;23:08 31-03-2026
0.00234686;14;random;242;23:08 31-03-2026
0.00245103;14;random;307;23:08 31-03-2026
0.00255467;14;random;302;23:08 31-03-2026
0.00264911;14;random;252;23:08 31-03-2026
0.0027109;14;random;244;23:08 31-03-2026
0.00283733;14;random;325;23:08 31-03-2026
0.00287075;14;random;307;23:08 31-03-2026
0.00304631;14;random;328;23:08 31-03-2026
0.00373319;14;random;292;23:08 31-03-2026
0.00321371;14;random;317;23:08 31-03-2026
0.00334625;14;random;312;23:08 31-03-2026
0.003407;14;random;284;23:08 31-03-2026
0.00351488;14;random;294;23:08 31-03-2026
0.00362912;14;random;298;23:08 31-03-2026
0.00375451;14;random;282;23:08 31-03-2026
0.00378846;14;random;293;23:08 31-03-2026
0.00394409;14;random;287;23:08 31-03-2026
0.00403376;14;random;303;23:08 31-03-2026
0.00414211;14;random;273;23:08 31-03-2026
0.00496738;14;random;278;23:08 31-03-2026
0.0042402;14;random;313;23:08 31-03-2026
0.00442239;14;random;258;23:08 31-03-2026
0.00455015;14;random;266;23:08 31-03-2026
0.004994;14;random;298;23:08 31-03-2026
0.00480169;14;random;303;23:08 31-03-2026
0.00490012;14;random;300;23:08 31-03-2026
0.0048976;14;random;267;23:08 31-03-2026
0.00508084;14;random;260;23:08 31-03-2026
0.00763576;14;random;288;23:08 31-03-2026
0.00512256;14;random;309;23:08 31-03-2026
0.00582157;14;random;214;23:08 31-03-2026
0.00536018;14;random;293;23:08 31-03-2026
0.0055012;14;random;307;23:08 31-03-2026
0.00563912;14;random;251;23:08 31-03-2026
0.00563346;14;random;267;23:08 31-03-2026
0.00581682;14;random;302;23:08 31-03-2026
0.00589272;14;random;281;23:08 31-03-2026
0.00600413;14;random;283;23:08 31-03-2026
0.00701592;14;random;271;23:08 31-03-2026
0.0070279;14;random;293;23:08 31-03-2026
0.00643985;14;random;301;23:08 31-03-2026
0.00636746;14;random;256;23:08 31-03-2026
0.00653144;14;random;276;23:08 31-03-2026
0.00663835;14;random;297;23:08 31-03-2026
0.00624216;14;random;305;23:08 31-03-2026
0.00681984;14;random;304;23:08 31-03-2026
0.0066906;14;random;304;23:08 31-03-2026
0.00714284;14;random;266;23:08 31-03-2026
0.00759621;14;random;276;23:08 31-03-2026
0.00724626;14;random;293;23:08 31-03-2026
0.00726894;14;random;291;23:08 31-03-2026
0.00743568;14;random;290;23:08 31-03-2026
0.00775608;14;random;263;23:08 31-03-2026
0.00707919;14;random;266;23:08 31-03-2026
0.00772961;14;random;302;23:08 31-03-2026
0.00781363;14;random;275;23:08 31-03-2026
0.00773501;14;random;247;23:08 31-03-2026
0.00766575;14;random;286;23:08 31-03-2026
0.00808077;14;random;267;23:08 31-03-2026
0.00811648;14;random;261;23:08 31-03-2026
0.00834071;14;random;300;23:08 31-03-2026
0.00843793;14;random;287;23:08 31-03-2026
0.0084458;14;random;218;23:08 31-03-2026
0.00862584;14;random;283;23:08 31-03-2026
0.00872806;14;random;303;23:08 31-03-2026
0.00883808;14;random;264;23:08 31-03-2026
0.00886056;14;random;247;23:08 31-03-2026
0.00914804;14;random;272;23:08 31-03-2026
0.00913748;14;random;291;23:08 31-03-2026
0.00921901;14;random;289;23:08 31-03-2026
0.010554;14;random;297;23:08 31-03-2026
0.00944143;14;random;294;23:08 31-03-2026
0.00929691;14;random;256;23:08 31-03-2026
0.00952543;14;random;280;23:08 31-03-2026
0.010187;14;random;287;23:08 31-03-2026
0.00982024;14;random;311;23:08 31-03-2026
0.0100421;14;random;293;23:08 31-03-2026
0.0107864;14;random;281;23:08 31-03-2026
0.0100626;14;random;294;23:08 31-03-2026
0.0101575;14;random;276;23:08 31-03-2026
0.0106024;14;random;267;23:08 31-03-2026
0.0104464;14;random;236;23:08 31-03-2026
0.010247;14;random;265;23:08 31-03-2026
0.0104885;14;random;261;23:08 31-03-2026
0.0106805;14;random;298;23:08 31-03-2026
0.0096795;14;random;257;23:08 31-03-2026
0.0116128;14;random;280;23:08 31-03-2026
0.0110473;14;random;265;23:08 31-03-2026
0.0110979;14;random;231;23:08 31-03-2026
0.0110499;14;random;299;23:08 31-03-2026
0.0117104;14;random;266;23:08 31-03-2026
0.0112517;14;random;247;23:08 31-03-2026
0.0115206;14;random;281;23:08 31-03-2026
0.0107933;14;random;283;23:08 31-03-2026
0.011435;14;random;296;23:08 31-03-2026
0.0119537;14;random;269;23:08 31-03-2026
0.0124972;14;random;282;23:08 31-03-2026
0.0125701;14;random;269;23:08 31-03-2026
0.0119771;14;random;265;23:08 31-03-2026
0.0128681;14;random;287;23:08 31-03-2026
0.012919;14;random;259;23:08 31-03-2026
0.012294;14;random;229;23:08 31-03-2026
0.0119903;14;random;261;23:08 31-03-2026
0.0126348;14;random;281;23:08 31-03-2026
0.0127417;14;random;269;23:08 31-03-2026
0.0128373;14;random;242;23:08 31-03-2026
0.0133511;14;random;263;23:08 31-03-2026
0.0129966;14;random;275;23:08 31-03-2026
0.0131245;14;random;219;23:08 31-03-2026
0.0132491;14;random;251;23:08 31-03-2026
0.0132489;14;random;284;23:08 31-03-2026
0.0134318;14;random;275;23:08 31-03-2026
0.0134134;14;random;296;23:08 31-03-2026
0.0136542;14;random;285;23:08 31-03-2026
0.013687;14;random;298;23:08 31-03-2026
0.0126061;14;random;281;23:08 31-03-2026
0.0140405;14;random;282;23:08 31-03-2026
0.0145798;14;random;270;23:08 31-03-2026
0.0140403;14;random;245;23:08 31-03-2026
0.0141268;14;random;290;23:08 31-03-2026
0.0154527;14;random;289;23:08 31-03-2026
0.014434;14;random;257;23:08 31-03-2026
0.0144798;14;random;259;23:08 31-03-2026
0.0146413;14;random;282;23:08 31-03-2026
0.0140719;14;random;254;23:08 31-03-2026
0.0146646;14;random;261;23:08 31-03-2026
0.0148253;14;random;276;23:08 31-03-2026
0.0149594;14;random;293;23:08 31-03-2026
0.0150262;14;random;270;23:08 31-03-2026
0.014899;14;random;270;23:08 31-03-2026
0.0152711;14;random;282;23:08 31-03-2026
0.01275;14;random;275;23:08 31-03-2026
0.0155848;14;random;239;23:08 31-03-2026
0.0159819;14;random;249;23:08 31-03-2026
0.0153922;14;random;238;23:08 31-03-2026
0.0158289;14;random;274;23:08 31-03-2026
0.0156986;14;random;281;23:08 31-03-2026
0.0160523;14;random;263;23:08 31-03-2026
0.0156855;14;random;235;23:08 31-03-2026
0.0162153;14;random;279;23:08 31-03-2026
0.0163494;14;random;262;23:08 31-03-2026
0.0163217;14;random;262;23:08 31-03-2026
0.0160452;14;random;277;23:08 31-03-2026
0.0173908;14;random;259;23:08 31-03-2026
0.016731;14;random;242;23:08 31-03-2026
0.0176738;14;random;267;23:08 31-03-2026
0.0171545;14;random;277;23:08 31-03-2026
0.0168403;14;random;279;23:08 31-03-2026
0.0171236;14;random;258;23:08 31-03-2026
0.0160223;14;random;254;23:08 31-03-2026
0.0170291;14;random;249;23:08 31-03-2026
0.0172691;14;random;272;23:08 31-03-2026
0.0175195;14;random;236;23:08 31-03-2026
0.0175203;14;random;277;23:08 31-03-2026
0.0172469;14;random;287;23:08 31-03-2026
0.0176887;14;random;269;23:08 31-03-2026
0.0183435;14;random;188;23:08 31-03-2026
0.0179639;14;random;213;23:08 31-03-2026
0.0176878;14;random;244;23:08 31-03-2026
0.0190755;14;random;261;23:08 31-03-2026
0.0182626;14;random;250;23:08 31-03-2026
0.0184362;14;random;290;23:08 31-03-2026
0.0185288;14;random;284;23:08 31-03-2026
0.0191235;14;random;279;23:08 31-03-2026
0.0187289;14;random;217;23:08 31-03-2026
0.0188457;14;random;272;23:08 31-03-2026
0.0188955;14;random;261;23:08 31-03-2026
0.0186683;14;random;281;23:08 31-03-2026
0.0190957;14;random;266;23:08 31-03-2026
0.0190496;14;random;238;23:08 31-03-2026
0.019108;14;random;271;23:08 31-03-2026
0.0200721;14;random;267;23:08 31-03-2026
0.0192686;14;random;268;23:08 31-03-2026
0.0196866;14;random;265;23:08 31-03-2026
0.0195796;14;random;234;23:08 31-03-2026
0.0196629;14;random;272;23:08 31-03-2026
0.0200889;14;random;294;23:08 31-03-2026
0.0188978;14;random;273;23:08 31-03-2026
0.0191804;14;random;265;23:08 31-03-2026
0.0187793;14;random;254;23:08 31-03-2026
0.020261;14;random;251;23:08 31-03-2026
0.0203817;14;random;279;23:08 31-03-2026
0.0204457;14;random;281;23:08 31-03-2026
0.0199141;14;random;266;23:08 31-03-2026
0.0206601;14;random;266;23:08 31-03-2026
0.0214255;14;random;253;23:08 31-03-2026
0.0208282;14;random;248;23:08 31-03-2026
0.0185376;14;random;242;23:08 31-03-2026
0.0216768;14;random;278;23:08 31-03-2026
0.0228171;14;random;271;23:08 31-03-2026
0.0210699;14;random;268;23:08 31-03-2026
0.0215589;14;random;252;23:08 31-03-2026
0.0211682;14;random;227;23:08 31-03-2026
0.0218104;14;random;232;23:08 31-03-2026
0.0218514;14;random;285;23:08 31-03-2026
0.021021;14;random;275;23:08 31-03-2026
0.0198255;14;random;270;23:08 31-03-2026
0.02197;14;random;246;23:08 31-03-2026
0.0296145;14;random;253;23:08 31-03-2026
0.0288974;14;random;246;23:08 31-03-2026
0.0139353;14;random;291;23:08 31-03-2026
0.0214878;14;random;229;23:08 31-03-2026
0.0251988;14;random;243;23:08 31-03-2026
0.0225125;14;random;242;23:08 31-03-2026
0.0213963;14;random;228;23:08 31-03-2026
0.0226114;14;random;171;23:08 31-03-2026
0.0193684;14;random;284;23:08 31-03-2026
0.0229882;14;random;297;23:08 31-03-2026
0.023012;14;random;226;23:08 31-03-2026
0.0200266;14;random;216;23:08 31-03-2026
0.0235893;14;random;245;23:08 31-03-2026
0.0233212;14;random;246;23:08 31-03-2026
0.0235078;14;random;265;23:08 31-03-2026
0.0233542;14;random;262;23:08 31-03-2026
0.0228032;14;random;255;23:08 31-03-2026
0.0252898;14;random;263;23:08 31-03-2026
0.0218689;14;random;246;23:08 31-03-2026
0.0240319;14;random;244;23:08 31-03-2026
0.024735;14;random;236;23:08 31-03-2026
0.0240992;14;random;229;23:08 31-03-2026
0.0243097;14;random;229;23:08 31-03-2026
0.0241497;14;random;241;23:08 31-03-2026
0.0254453;14;random;229;23:08 31-03-2026
0.0244845;14;random;259;23:08 31-03-2026
0.0246359;14;random;244;23:08 31-03-2026
0.0248478;14;random;217;23:08 31-03-2026
0.024173;14;random;258;23:08 31-03-2026
0.0248504;14;random;267;23:08 31-03-2026
0.0256728;14;random;265;23:08 31-03-2026
0.0256126;14;random;206;23:08 31-03-2026
0.0241022;14;random;286;23:08 31-03-2026
0.0261731;14;random;268;23:08 31-03-2026
0.0246421;14;random;202;23:08 31-03-2026
0.0245902;14;random;226;23:08 31-03-2026
0.025701;14;random;209;23:08 31-03-2026
0.0261703;14;random;289;23:08 31-03-2026
0.0264434;14;random;272;23:08 31-03-2026
0.0259913;14;random;254;23:08 31-03-2026
0.0258491;14;random;238;23:08 31-03-2026
0.0268229;14;random;242;23:08 31-03-2026
0.0262931;14;random;299;23:08 31-03-2026
0.0262922;14;random;286;23:08 31-03-2026
0.0260581;14;random;271;23:08 31-03-2026
0.0272715;14;random;259;23:08 31-03-2026
0.0267591;14;random;276;23:08 31-03-2026
0.0266788;14;random;283;23:08 31-03-2026
0.0269309;14;random;252;23:08 31-03-2026
0.0261065;14;random;273;23:08 31-03-2026
0.0270356;14;random;241;23:08 31-03-2026
0.0270757;14;random;226;23:08 31-03-2026
0.0265782;14;random;247;23:08 31-03-2026
0.0275001;14;random;263;23:08 31-03-2026
0.027135;14;random;263;23:08 31-03-2026
0.0278492;14;random;259;23:08 31-03-2026
0.0281783;14;random;282;23:08 31-03-2026
0.0273566;14;random;261;23:08 31-03-2026
0.0278121;14;random;210;23:08 31-03-2026
0.0288876;14;random;262;23:08 31-03-2026
0.0272007;14;random;265;23:08 31-03-2026
0.0283485;14;random;278;23:08 31-03-2026
0.0276321;14;random;265;23:08 31-03-2026
0.0295195;14;random;251;23:08 31-03-2026
0.0285705;14;random;253;23:08 31-03-2026
0.027791;14;random;256;23:08 31-03-2026
0.0285218;14;random;250;23:08 31-03-2026
0.0288703;14;random;189;23:08 31-03-2026
0.0288663;14;random;279;23:08 31-03-2026
0.029158;14;random;256;23:08 31-03-2026
0.0291519;14;random;271;23:08 31-03-2026
0.0294108;14;random;259;23:08 31-03-2026
0.0280755;14;random;281;23:08 31-03-2026
0.0287461;14;random;264;23:08 31-03-2026
0.0315879;14;random;249;23:08 31-03-2026
0.0298837;14;random;249;23:08 31-03-2026
0.0289784;14;random;275;23:08 31-03-2026
0.0299187;14;random;274;23:08 31-03-2026
0.0292007;14;random;208;23:08 31-03-2026
0.0295957;14;random;265;23:08 31-03-2026
0.0309225;14;random;265;23:08 31-03-2026
0.0296548;14;random;264;23:08 31-03-2026
0.0303372;14;random;300;23:08 31-03-2026
0.030227;14;random;269;23:08 31-03-2026
0.0303799;14;random;241;23:08 31-03-2026
0.031394;14;random;264;23:08 31-03-2026
0.0297863;14;random;219;23:08 31-03-2026
0.0314924;14;random;265;23:08 31-03-2026
0.0313783;14;random;252;23:08 31-03-2026
0.0310717;14;random;265;23:08 31-03-2026
0.0313741;14;random;250;23:08 31-03-2026
0.0303937;14;random;259;23:08 31-03-2026
0.0309785;14;random;260;23:08 31-03-2026
0.0314298;14;random;268;23:08 31-03-2026
0.03155;14;random;257;23:08 31-03-2026
0.0320094;14;random;276;23:08 31-03-2026
0.0315853;14;random;268;23:08 31-03-2026
0.0314659;14;random;247;23:08 31-03-2026
0.0319463;14;random;269;23:08 31-03-2026
0.0324235;14;random;237;23:08 31-03-2026
0.0323416;14;random;277;23:08 31-03-2026
0.0323611;14;random;248;23:08 31-03-2026
0.0321824;14;random;177;23:08 31-03-2026
0.0323642;14;random;248;23:08 31-03-2026
0.0323613;14;random;223;23:08 31-03-2026
0.032584;14;random;255;23:08 31-03-2026
0.0327381;14;random;272;23:08 31-03-2026
0.0318116;14;random;262;23:08 31-03-2026
0.0335257;14;random;201;23:08 31-03-2026
0.0327642;14;random;232;23:08 31-03-2026
0.032479;14;random;259;23:08 31-03-2026
0.0338728;14;random;230;23:08 31-03-2026
0.0332203;14;random;266;23:08 31-03-2026
0.0333868;14;random;270;23:08 31-03-2026
0.033256;14;random;222;23:08 31-03-2026
0.0327105;14;random;259;23:08 31-03-2026
0.0341525;14;random;246;23:08 31-03-2026
0.0340427;14;random;250;23:08 31-03-2026
0.0335066;14;random;260;23:08 31-03-2026
0.0338715;14;random;256;23:08 31-03-2026
0.0341046;14;random;258;23:08 31-03-2026
0.0341088;14;random;271;23:08 31-03-2026
0.0341463;14;random;269;23:08 31-03-2026
0.0336972;14;random;263;23:08 31-03-2026
0.0343954;14;random;273;23:08 31-03-2026
0.0346072;14;random;245;23:08 31-03-2026
0.0335958;14;random;258;23:08 31-03-2026
0.0350804;14;random;235;23:08 31-03-2026
0.0344982;14;random;277;23:08 31-03-2026
0.0349239;14;random;253;23:08 31-03-2026
0.0351187;14;random;274;23:08 31-03-2026
0.0352055;14;random;271;23:08 31-03-2026
0.0351338;14;random;227;23:08 31-03-2026
0.0335302;14;random;235;23:08 31-03-2026
0.0368081;14;random;261;23:08 31-03-2026
0.0374451;14;random;255;23:08 31-03-2026
0.0363055;14;random;192;23:08 31-03-2026
0.0354797;14;random;263;23:08 31-03-2026
0.0303901;14;random;256;23:08 31-03-2026
0.0368834;14;random;251;23:08 31-03-2026
0.036769;14;random;280;23:08 31-03-2026
0.0337901;14;random;265;23:08 31-03-2026
0.0369515;14;random;248;23:08 31-03-2026
0.0361007;14;random;257;23:08 31-03-2026
0.0370108;14;random;263;23:08 31-03-2026
0.0355697;14;random;248;23:08 31-03-2026
0.0344268;14;random;271;23:08 31-03-2026
0.0311223;14;random;257;23:08 31-03-2026
0.0378654;14;random;259;23:08 31-03-2026
0.0362175;14;random;266;23:08 31-03-2026
0.0367697;14;random;278;23:08 31-03-2026
0.0363554;14;random;265;23:08 31-03-2026
0.0318279;14;random;270;23:08 31-03-2026
0.0381484;14;random;239;23:08 31-03-2026
0.0366966;14;random;240;23:08 31-03-2026
0.0367914;14;random;291;23:08 31-03-2026
0.0369808;14;random;264;23:08 31-03-2026
0.037677;14;random;252;23:08 31-03-2026
0.0359042;14;random;262;23:08 31-03-2026
0.0378947;14;random;261;23:08 31-03-2026
0.0378565;14;random;254;23:08 31-03-2026
0.0382851;14;random;258;23:08 31-03-2026
0.0384427;14;random;261;23:08 31-03-2026
0.0379304;14;random;247;23:08 31-03-2026
0.0387787;14;random;275;23:08 31-03-2026
0.0387493;14;random;254;23:08 31-03-2026
0.0384837;14;random;263;23:08 31-03-2026
0.0391318;14;random;275;23:08 31-03-2026
0.0376196;14;random;263;23:08 31-03-2026
0.0388597;14;random;269;23:08 31-03-2026
0.0389352;14;random;250;23:08 31-03-2026
0.0391946;14;random;258;23:08 31-03-2026
0.0390274;14;random;244;23:08 31-03-2026
0.03854;14;random;246;23:08 31-03-2026
0.0375147;14;random;250;23:08 31-03-2026
0.039405;14;random;277;23:08 31-03-2026
0.0403685;14;random;267;23:08 31-03-2026
0.0394066;14;random;260;23:08 31-03-2026
0.0399329;14;random;289;23:08 31-03-2026
0.0393855;14;random;259;23:08 31-03-2026
0.0396799;14;random;245;23:08 31-03-2026
0.0403286;14;random;254;23:08 31-03-2026
0.039827;14;random;221;23:08 31-03-2026
0.0402674;14;random;219;23:08 31-03-2026
0.0396841;14;random;252;23:08 31-03-2026
0.0402445;14;random;253;23:08 31-03-2026
0.0408464;14;random;251;23:08 31-03-2026
0.0411922;14;random;234;23:08 31-03-2026
0.0405028;14;random;243;23:08 31-03-2026
0.0409832;14;random;279;23:08 31-03-2026
0.0410975;14;random;221;23:08 31-03-2026
0.0411699;14;random;263;23:08 31-03-2026
0.0412855;14;random;236;23:08 31-03-2026
0.0409349;14;random;267;23:08 31-03-2026
0.042199;14;random;268;23:08 31-03-2026
0.0417352;14;random;259;23:08 31-03-2026
0.0415892;14;random;220;23:08 31-03-2026
0.0413199;14;random;244;23:08 31-03-2026
0.0407123;14;random;255;23:08 31-03-2026
0.0418146;14;random;250;23:08 31-03-2026
0.0420036;14;random;197;23:08 31-03-2026
0.0426104;14;random;273;23:08 31-03-2026
0.0421116;14;random;237;23:08 31-03-2026
0.0410433;14;random;216;23:08 31-03-2026
0.043275;14;random;246;23:08 31-03-2026
0.0425618;14;random;246;23:08 31-03-2026
0.0421951;14;random;249;23:08 31-03-2026
0.0427042;14;random;244;23:08 31-03-2026
0.0427946;14;random;274;23:08 31-03-2026
0.0434395;14;random;255;23:08 31-03-2026
0.0435942;14;random;249;23:08 31-03-2026
0.0432238;14;random;254;23:08 31-03-2026
0.0432495;14;random;255;23:08 31-03-2026
0.0433019;14;random;265;23:08 31-03-2026
0.043332;14;random;269;23:08 31-03-2026
0.0427887;14;random;255;23:08 31-03-2026
0.0435186;14;random;274;23:08 31-03-2026
0.0433042;14;random;232;23:08 31-03-2026
0.0435051;14;random;255;23:08 31-03-2026
0.0437207;14;random;188;23:08 31-03-2026
0.0432954;14;random;270;23:08 31-03-2026
0.044151;14;random;253;23:08 31-03-2026
0.0439783;14;random;277;23:08 31-03-2026
0.0444375;14;random;238;23:08 31-03-2026
0.0444997;14;random;202;23:08 31-03-2026
0.0436635;14;random;277;23:08 31-03-2026
0.0446517;14;random;231;23:08 31-03-2026
0.0448506;14;random;255;23:08 31-03-2026
0.0450704;14;random;245;23:08 31-03-2026
0.045152;14;random;237;23:08 31-03-2026
0.0450598;14;random;239;23:08 31-03-2026
0.0455714;14;random;255;23:08 31-03-2026
0.0438299;14;random;255;23:08 31-03-2026
0.0457242;14;random;257;23:08 31-03-2026
0.0444653;14;random;260;23:08 31-03-2026
0.0458651;14;random;272;23:08 31-03-2026
0.0457211;14;random;261;23:08 31-03-2026
0.0457224;14;random;269;23:08 31-03-2026
0.0448282;14;random;239;23:08 31-03-2026
0.0460563;14;random;224;23:08 31-03-2026
0.0463982;14;random;229;23:08 31-03-2026
0.0457048;14;random;225;23:08 31-03-2026
0.046223;14;random;255;23:08 31-03-2026
0.0470637;14;random;235;23:08 31-03-2026
0.0454383;14;random;250;23:08 31-03-2026
0.0466901;14;random;226;23:08 31-03-2026
0.0466466;14;random;254;23:08 31-03-2026
0.0467181;14;random;242;23:08 31-03-2026
0.0465497;14;random;248;23:08 31-03-2026
0.0460065;14;random;235;23:08 31-03-2026
0.0469746;14;random;247;23:08 31-03-2026
0.0464771;14;random;234;23:08 31-03-2026
0.0470851;14;random;238;23:08 31-03-2026
0.0481181;14;random;210;23:08 31-03-2026
0.0473538;14;random;267;23:08 31-03-2026
0.0473707;14;random;213;23:08 31-03-2026
0.0474302;14;random;259;23:08 31-03-2026
0.0478863;14;random;264;23:08 31-03-2026
0.0477719;14;random;269;23:08 31-03-2026
0.0481307;14;random;265;23:08 31-03-2026
0.0464755;14;random;211;23:08 31-03-2026
0.0486025;14;random;250;23:08 31-03-2026
0.0482091;14;random;258;23:08 31-03-2026
0.0483751;14;random;242;23:08 31-03-2026
0.0480922;14;random;243;23:08 31-03-2026
0.0488164;14;random;254;23:08 31-03-2026
0.04875;14;random;242;23:08 31-03-2026
0.0493676;14;random;244;23:08 31-03-2026
0.0487578;14;random;227;23:08 31-03-2026
0.048846;14;random;276;23:08 31-03-2026
0.0490871;14;random;241;23:08 31-03-2026
0.0492399;14;random;210;23:08 31-03-2026
0.0491534;14;random;263;23:08 31-03-2026
0.0488621;14;random;238;23:08 31-03-2026
0.0501178;14;random;222;23:08 31-03-2026
0.0494191;14;random;249;23:08 31-03-2026
0.0494989;14;random;253;23:08 31-03-2026
0.0498031;14;random;238;23:08 31-03-2026
0.0498276;14;random;240;23:08 31-03-2026
0.0498352;14;random;207;23:08 31-03-2026
0.0504411;14;random;269;23:08 31-03-2026
0.0500072;14;random;244;23:08 31-03-2026
0.0502976;14;random;248;23:08 31-03-2026
0.0503447;14;random;237;23:08 31-03-2026
0.050409;14;random;259;23:08 31-03-2026
0.0491545;14;random;237;23:08 31-03-2026
0.0513727;14;random;261;23:08 31-03-2026
0.0507643;14;random;234;23:08 31-03-2026
0.0504192;14;random;270;23:08 31-03-2026
0.0514126;14;random;220;23:08 31-03-2026
0.0511145;14;random;246;23:08 31-03-2026
0.0527578;14;random;220;23:08 31-03-2026
0.0513297;14;random;282;23:08 31-03-2026
0.0518418;14;random;264;23:08 31-03-2026
0.0513963;14;random;262;23:08 31-03-2026
0.0505866;14;random;264;23:08 31-03-2026
0.0525951;14;random;245;23:08 31-03-2026
0.0540736;14;random;216;23:08 31-03-2026
0.0504887;14;random;252;23:08 31-03-2026
0.0518514;14;random;214;23:08 31-03-2026
0.0509792;14;random;220;23:08 31-03-2026
0.0508327;14;random;230;23:08 31-03-2026
0.052785;14;random;252;23:08 31-03-2026
0.0528515;14;random;212;23:08 31-03-2026
0.05265;14;random;232;23:08 31-03-2026
0.0525145;14;random;252;23:08 31-03-2026
0.0535024;14;random;266;23:08 31-03-2026
0.0528187;14;random;237;23:08 31-03-2026
0.0531941;14;random;217;23:08 31-03-2026
0.052823;14;random;266;23:08 31-03-2026
0.0526402;14;random;243;23:08 31-03-2026
0.0529813;14;random;235;23:08 31-03-2026
0.0535441;14;random;267;23:08 31-03-2026
0.0528057;14;random;263;23:08 31-03-2026
0.0537377;14;random;248;23:08 31-03-2026
0.0531767;14;random;248;23:08 31-03-2026
0.0526406;14;random;241;23:08 31-03-2026
0.0541472;14;random;235;23:08 31-03-2026
0.0536282;14;random;233;23:08 31-03-2026
0.0537717;14;random;254;23:08 31-03-2026
0.0552429;14;random;234;23:08 31-03-2026
0.0544684;14;random;220;23:08 31-03-2026
0.0542979;14;random;262;23:08 31-03-2026
0.0544285;14;random;258;23:08 31-03-2026
0.0529134;14;random;264;23:08 31-03-2026
0.0540524;14;random;273;23:08 31-03-2026
0.0546327;14;random;231;23:08 31-03-2026
0.0547634;14;random;259;23:08 31-03-2026
0.0546995;14;random;220;23:08 31-03-2026
0.0551934;14;random;276;23:08 31-03-2026
0.0550271;14;random;236;23:08 31-03-2026
0.0551362;14;random;247;23:08 31-03-2026
0.0554369;14;random;272;23:08 31-03-2026
0.0542264;14;random;219;23:08 31-03-2026
0.0548928;14;random;268;23:08 31-03-2026
0.0559339;14;random;261;23:08 31-03-2026
0.056209;14;random;259;23:08 31-03-2026
0.0557407;14;random;256;23:08 31-03-2026
0.0546867;14;random;257;23:08 31-03-2026
0.0550261;14;random;259;23:08 31-03-2026
0.0565058;14;random;239;23:08 31-03-2026
0.0561809;14;random;235;23:08 31-03-2026
0.0563867;14;random;228;23:08 31-03-2026
0.0563947;14;random;252;23:08 31-03-2026
0.0561568;14;random;232;23:08 31-03-2026
0.0563597;14;random;248;23:08 31-03-2026
0.0566328;14;random;264;23:08 31-03-2026
0.0570518;14;random;259;23:08 31-03-2026
0.0570208;14;random;225;23:08 31-03-2026
0.0570439;14;random;241;23:08 31-03-2026
0.057546;14;random;252;23:08 31-03-2026
0.0574013;14;random;252;23:08 31-03-2026
0.0566664;14;random;250;23:08 31-03-2026
0.0586303;14;random;254;23:08 31-03-2026
0.0568088;14;random;243;23:08 31-03-2026
0.0573871;14;random;214;23:08 31-03-2026
0.0564186;14;random;233;23:08 31-03-2026
0.0577568;14;random;239;23:08 31-03-2026
0.0577088;14;random;254;23:08 31-03-2026
0.0573938;14;random;225;23:08 31-03-2026
0.0580652;14;random;247;23:08 31-03-2026
0.058125;14;random;240;23:08 31-03-2026
0.058301;14;random;236;23:08 31-03-2026
0.05841;14;random;254;23:08 31-03-2026
0.0579421;14;random;258;23:08 31-03-2026
0.0562408;14;random;261;23:08 31-03-2026
0.0583313;14;random;249;23:08 31-03-2026
0.0582674;14;random;244;23:08 31-03-2026
0.059051;14;random;258;23:08 31-03-2026
0.0582295;14;random;249;23:08 31-03-2026
0.0592207;14;random;228;23:08 31-03-2026
0.058904;14;random;267;23:08 31-03-2026
0.0591319;14;random;269;23:08 31-03-2026
0.0596106;14;random;253;23:08 31-03-2026
0.059123;14;random;261;23:08 31-03-2026
0.0596956;14;random;242;23:08 31-03-2026
0.0589596;14;random;245;23:08 31-03-2026
0.0592198;14;random;255;23:08 31-03-2026
0.0597523;14;random;248;23:08 31-03-2026
0.0598207;14;random;266;23:08 31-03-2026
0.0599822;14;random;260;23:08 31-03-2026
0.0591018;14;random;270;23:08 31-03-2026
0.0603456;14;random;243;23:08 31-03-2026
0.0579015;14;random;240;23:08 31-03-2026
0.060897;14;random;263;23:08 31-03-2026
0.0604268;14;random;228;23:08 31-03-2026
0.0602318;14;random;271;23:08 31-03-2026
0.0608546;14;random;260;23:08 31-03-2026
0.0602435;14;random;229;23:08 31-03-2026
0.0631296;14;random;260;23:08 31-03-2026
0.0608727;14;random;240;23:08 31-03-2026
0.0619528;14;random;259;23:08 31-03-2026
0.0614758;14;random;265;23:08 31-03-2026
0.0612842;14;random;277;23:08 31-03-2026
0.060995;14;random;232;23:08 31-03-2026
0.0612348;14;random;252;23:08 31-03-2026
0.0617188;14;random;221;23:08 31-03-2026
0.0604048;14;random;252;23:08 31-03-2026
0.061218;14;random;247;23:08 31-03-2026
0.0624666;14;random;255;23:08 31-03-2026
0.062081;14;random;203;23:08 31-03-2026
0.0620957;14;random;230;23:08 31-03-2026
0.06205;14;random;250;23:08 31-03-2026
0.0636479;14;random;229;23:08 31-03-2026
0.0635595;14;random;256;23:08 31-03-2026
0.0635306;14;random;251;23:08 31-03-2026
0.0624318;14;random;256;23:08 31-03-2026
0.0627613;14;random;259;23:08 31-03-2026
0.06266;14;random;232;23:08 31-03-2026
0.0623249;14;random;266;23:08 31-03-2026
0.0623921;14;random;274;23:08 31-03-2026
0.0630924;14;random;208;23:08 31-03-2026
0.0629594;14;random;248;23:08 31-03-2026
0.0632662;14;random;212;23:08 31-03-2026
0.0637073;14;random;268;23:08 31-03-2026
0.0638079;14;random;223;23:08 31-03-2026
0.0632572;14;random;266;23:08 31-03-2026
0.0633325;14;random;218;23:08 31-03-2026
0.0637986;14;random;247;23:08 31-03-2026
0.0642559;14;random;223;23:08 31-03-2026
0.0644289;14;random;228;23:08 31-03-2026
0.0641927;14;random;215;23:08 31-03-2026
0.0640686;14;random;238;23:08 31-03-2026
0.0644301;14;random;262;23:08 31-03-2026
0.0644765;14;random;262;23:08 31-03-2026
0.0645264;14;random;261;23:08 31-03-2026
0.0646896;14;random;232;23:08 31-03-2026
0.0633695;14;random;242;23:08 31-03-2026
0.0650691;14;random;258;23:08 31-03-2026
0.0652364;14;random;254;23:08 31-03-2026
0.0642516;14;random;256;23:08 31-03-2026
0.0646835;14;random;250;23:08 31-03-2026
0.0665744;14;random;265;23:08 31-03-2026
0.0654506;14;random;264;23:08 31-03-2026
0.0655905;14;random;237;23:08 31-03-2026
0.0638887;14;random;223;23:08 31-03-2026
0.0630568;14;random;258;23:08 31-03-2026
0.0655861;14;random;239;23:08 31-03-2026
0.0656795;14;random;239;23:08 31-03-2026
0.0655227;14;random;254;23:08 31-03-2026
0.0650819;14;random;247;23:08 31-03-2026
0.0662401;14;random;230;23:08 31-03-2026
0.0659062;14;random;257;23:08 31-03-2026
0.0659962;14;random;239;23:08 31-03-2026
0.0664967;14;random;206;23:08 31-03-2026
0.0663755;14;random;271;23:08 31-03-2026
0.0649435;14;random;256;23:08 31-03-2026
0.0668183;14;random;244;23:08 31-03-2026
0.0658679;14;random;242;23:08 31-03-2026
0.0668146;14;random;248;23:08 31-03-2026
0.0669939;14;random;234;23:08 31-03-2026
0.0661123;14;random;257;23:08 31-03-2026
0.066253;14;random;253;23:08 31-03-2026
0.0660625;14;random;251;23:08 31-03-2026
0.0673113;14;random;214;23:08 31-03-2026
0.0674712;14;random;256;23:08 31-03-2026
0.0671046;14;random;259;23:08 31-03-2026
0.0677758;14;random;236;23:08 31-03-2026
0.0678746;14;random;240;23:08 31-03-2026
0.0676931;14;random;271;23:08 31-03-2026
0.0681038;14;random;244;23:08 31-03-2026
0.0667299;14;random;194;23:08 31-03-2026
0.0681252;14;random;257;23:08 31-03-2026
0.0672354;14;random;247;23:08 31-03-2026
0.0686181;14;random;249;23:08 31-03-2026
0.0692657;14;random;245;23:08 31-03-2026
0.0690987;14;random;228;23:08 31-03-2026
0.0678014;14;random;230;23:08 31-03-2026
0.0688139;14;random;239;23:08 31-03-2026
0.0685341;14;random;229;23:08 31-03-2026
0.0697744;14;random;266;23:08 31-03-2026
0.0677119;14;random;237;23:08 31-03-2026
0.0691011;14;random;243;23:08 31-03-2026
0.0688273;14;random;260;23:08 31-03-2026
0.0695399;14;random;231;23:08 31-03-2026
0.0694122;14;random;264;23:08 31-03-2026
0.0692897;14;random;199;23:08 31-03-2026
0.0682231;14;random;241;23:08 31-03-2026
0.0698089;14;random;257;23:08 31-03-2026
0.0698675;14;random;240;23:08 31-03-2026
0.0682101;14;random;256;23:08 31-03-2026
0.070071;14;random;252;23:08 31-03-2026
0.0698864;14;random;255;23:08 31-03-2026
0.0703147;14;random;244;23:08 31-03-2026
0.0703545;14;random;253;23:08 31-03-2026
0.0690929;14;random;263;23:08 31-03-2026
0.0698934;14;random;212;23:08 31-03-2026
0.0704954;14;random;255;23:08 31-03-2026
0.0717383;14;random;242;23:08 31-03-2026
0.0709349;14;random;222;23:08 31-03-2026
0.0729463;14;random;229;23:08 31-03-2026
0.0710988;14;random;251;23:08 31-03-2026
0.0708636;14;random;252;23:08 31-03-2026
0.0712851;14;random;265;23:08 31-03-2026
0.0705714;14;random;239;23:08 31-03-2026
0.0700657;14;random;225;23:08 31-03-2026
0.0712959;14;random;261;23:08 31-03-2026
0.0717853;14;random;224;23:08 31-03-2026
0.0718741;14;random;259;23:08 31-03-2026
0.0728154;14;random;249;23:08 31-03-2026
0.0715824;14;random;230;23:08 31-03-2026
0.0717539;14;random;269;23:08 31-03-2026
0.0719358;14;random;235;23:08 31-03-2026
0.0730766;14;random;215;23:08 31-03-2026
0.0719565;14;random;187;23:08 31-03-2026
0.0726827;14;random;232;23:08 31-03-2026
0.0732784;14;random;270;23:08 31-03-2026
0.0727823;14;random;259;23:08 31-03-2026
0.0739351;14;random;226;23:08 31-03-2026
0.0717196;14;random;247;23:08 31-03-2026
0.0732574;14;random;251;23:08 31-03-2026
0.0731591;14;random;228;23:08 31-03-2026
0.0741942;14;random;220;23:08 31-03-2026
0.0731554;14;random;261;23:08 31-03-2026
0.0729114;14;random;249;23:08 31-03-2026
0.0712442;14;random;206;23:08 31-03-2026
0.0764342;14;random;255;23:08 31-03-2026
0.073679;14;random;245;23:08 31-03-2026
0.0738061;14;random;257;23:08 31-03-2026
0.0740001;14;random;233;23:08 31-03-2026
0.0734945;14;random;238;23:08 31-03-2026
0.0705126;14;random;223;23:08 31-03-2026
0.0734564;14;random;250;23:08 31-03-2026
0.0746855;14;random;247;23:08 31-03-2026
0.0735735;14;random;250;23:08 31-03-2026
0.0741289;14;random;281;23:08 31-03-2026
0.0712425;14;random;229;23:08 31-03-2026
0.0734995;14;random;244;23:08 31-03-2026
0.07523;14;random;247;23:08 31-03-2026
0.074708;14;random;231;23:08 31-03-2026
0.0750413;14;random;238;23:08 31-03-2026
0.0743484;14;random;247;23:08 31-03-2026
0.0751344;14;random;261;23:08 31-03-2026
0.0753599;14;random;238;23:08 31-03-2026
0.0737981;14;random;259;23:08 31-03-2026
0.0755333;14;random;246;23:08 31-03-2026
0.0749721;14;random;227;23:08 31-03-2026
0.0755066;14;random;253;23:08 31-03-2026
0.0758885;14;random;261;23:08 31-03-2026
0.0752408;14;random;252;23:08 31-03-2026
0.0752423;14;random;241;23:08 31-03-2026
0.0751329;14;random;244;23:08 31-03-2026
0.075673;14;random;245;23:08 31-03-2026
0.0750688;14;random;252;23:08 31-03-2026
0.0763687;14;random;226;23:08 31-03-2026
0.0762714;14;random;211;23:08 31-03-2026
0.0773495;14;random;238;23:08 31-03-2026
0.0768294;14;random;242;23:08 31-03-2026
0.075842;14;random;219;23:08 31-03-2026
0.0770136;14;random;265;23:08 31-03-2026
0.0769733;14;random;231;23:08 31-03-2026
0.0772193;14;random;256;23:08 31-03-2026
0.0761738;14;random;226;23:08 31-03-2026
0.0732469;14;random;255;23:08 31-03-2026
0.0777317;14;random;232;23:08 31-03-2026
0.077446;14;random;210;23:08 31-03-2026
0.0768084;14;random;243;23:08 31-03-2026
0.0788888;14;random;211;23:08 31-03-2026
0.0771169;14;random;249;23:08 31-03-2026
0.0773049;14;random;249;23:08 31-03-2026
0.0759358;14;random;265;23:08 31-03-2026
0.0775403;14;random;179;23:08 31-03-2026
0.0782336;14;random;240;23:08 31-03-2026
0.0783577;14;random;225;23:08 31-03-2026
0.0785036;14;random;254;23:08 31-03-2026
0.0786584;14;random;264;23:08 31-03-2026
0.0787508;14;random;247;23:08 31-03-2026
0.0786701;14;random;215;23:08 31-03-2026
0.0796845;14;random;230;23:08 31-03-2026
0.0794815;14;random;252;23:08 31-03-2026
0.0780103;14;random;240;23:08 31-03-2026
0.0794533;14;random;252;23:08 31-03-2026
0.0786229;14;random;253;23:08 31-03-2026
0.0786718;14;random;260;23:08 31-03-2026
0.0797685;14;random;252;23:08 31-03-2026
0.0795075;14;random;261;23:08 31-03-2026
0.0800203;14;random;250;23:08 31-03-2026
0.0796306;14;random;261;23:08 31-03-2026
0.0802626;14;random;221;23:08 31-03-2026
0.0782935;14;random;254;23:08 31-03-2026
0.080081;14;random;215;23:08 31-03-2026
0.0798288;14;random;238;23:08 31-03-2026
0.0803871;14;random;253;23:08 31-03-2026
0.0802647;14;random;240;23:08 31-03-2026
0.0811824;14;random;250;23:08 31-03-2026
0.0806238;14;random;256;23:08 31-03-2026
0.0803944;14;random;235;23:08 31-03-2026
0.0807836;14;random;258;23:08 31-03-2026
0.0788428;14;random;239;23:08 31-03-2026
0.0808669;14;random;201;23:08 31-03-2026
0.0802186;14;random;228;23:08 31-03-2026
0.081232;14;random;221;23:08 31-03-2026
0.0801033;14;random;261;23:08 31-03-2026
0.0780399;14;random;266;23:08 31-03-2026
0.0836949;14;random;248;23:08 31-03-2026
0.0824609;14;random;227;23:08 31-03-2026
0.0834072;14;random;248;23:08 31-03-2026
0.0816998;14;random;246;23:08 31-03-2026
0.0813643;14;random;226;23:08 31-03-2026
0.0809316;14;random;247;23:08 31-03-2026
0.0813047;14;random;226;23:08 31-03-2026
0.0817739;14;random;252;23:08 31-03-2026
0.0814055;14;random;221;23:08 31-03-2026
0.0818556;14;random;235;23:08 31-03-2026
0.0821325;14;random;218;23:08 31-03-2026
0.0826535;14;random;222;23:08 31-03-2026
0.0833646;14;random;252;23:08 31-03-2026
0.0824148;14;random;270;23:08 31-03-2026
0.0831498;14;random;214;23:08 31-03-2026
0.0828575;14;random;261;23:08 31-03-2026
0.0804359;14;random;239;23:08 31-03-2026
0.0831384;14;random;255;23:08 31-03-2026
0.0836768;14;random;237;23:08 31-03-2026
0.0839912;14;random;197;23:08 31-03-2026
0.082953;14;random;242;23:08 31-03-2026
0.0820772;14;random;238;23:08 31-03-2026
0.0837943;14;random;207;23:08 31-03-2026
0.0836483;14;random;232;23:08 31-03-2026
0.0847332;14;random;251;23:08 31-03-2026
0.0835519;14;random;228;23:08 31-03-2026
0.0839661;14;random;268;23:08 31-03-2026
0.0842491;14;random;207;23:08 31-03-2026
0.0836169;14;random;260;23:08 31-03-2026
0.0832349;14;random;228;23:08 31-03-2026
0.0841673;14;random;258;23:08 31-03-2026
0.0849922;14;random;249;23:08 31-03-2026
0.0843359;14;random;221;23:08 31-03-2026
0.0853402;14;random;268;23:08 31-03-2026
0.0850214;14;random;224;23:08 31-03-2026
0.0829612;14;random;228;23:08 31-03-2026
0.0849895;14;random;209;23:08 31-03-2026
0.0853419;14;random;232;23:08 31-03-2026
0.0857001;14;random;247;23:08 31-03-2026
0.0855158;14;random;259;23:08 31-03-2026
0.0854077;14;random;234;23:08 31-03-2026
0.0841096;14;random;213;23:08 31-03-2026
0.0853049;14;random;218;23:08 31-03-2026
0.0854466;14;random;229;23:08 31-03-2026
0.0865205;14;random;201;23:08 31-03-2026
0.0865218;14;random;249;23:08 31-03-2026
0.086117;14;random;233;23:08 31-03-2026
0.086137;14;random;162;23:08 31-03-2026
0.0859568;14;random;224;23:08 31-03-2026
0.0865292;14;random;259;23:08 31-03-2026
0.0861739;14;random;251;23:08 31-03-2026
0.0854801;14;random;268;23:08 31-03-2026
0.0867197;14;random;237;23:08 31-03-2026
0.086286;14;random;230;23:08 31-03-2026
0.0868388;14;random;257;23:08 31-03-2026
0.0890294;14;random;252;23:08 31-03-2026
0.0864605;14;random;197;23:08 31-03-2026
0.085686;14;random;223;23:08 31-03-2026
0.0872803;14;random;250;23:08 31-03-2026
0.0838349;14;random;251;23:08 31-03-2026
0.0874499;14;random;259;23:08 31-03-2026
0.0882375;14;random;262;23:08 31-03-2026
0.0870203;14;random;233;23:08 31-03-2026
0.0867866;14;random;223;23:08 31-03-2026
0.0800597;14;random;230;23:08 31-03-2026
0.08805;14;random;240;23:08 31-03-2026
0.0880906;14;random;239;23:08 31-03-2026
0.0878007;14;random;255;23:08 31-03-2026
0.0891124;14;random;189;23:08 31-03-2026
0.0877194;14;random;210;23:08 31-03-2026
0.0883935;14;random;242;23:08 31-03-2026
0.0887702;14;random;241;23:08 31-03-2026
0.0885467;14;random;231;23:08 31-03-2026
0.0890657;14;random;240;23:08 31-03-2026
0.084847;14;random;254;23:08 31-03-2026
0.088857;14;random;199;23:08 31-03-2026
0.0896562;14;random;263;23:08 31-03-2026
0.089173;14;random;226;23:08 31-03-2026
0.0881394;14;random;242;23:08 31-03-2026
0.0888886;14;random;230;23:08 31-03-2026
0.0889459;14;random;206;23:08 31-03-2026
0.0887791;14;random;229;23:08 31-03-2026
0.0895045;14;random;221;23:08 31-03-2026
0.0901148;14;random;231;23:08 31-03-2026
0.0896592;14;random;252;23:08 31-03-2026
0.0897447;14;random;230;23:08 31-03-2026
0.0886997;14;random;246;23:08 31-03-2026
0.0883732;14;random;217;23:08 31-03-2026
0.0900707;14;random;251;23:08 31-03-2026
0.0900946;14;random;257;23:08 31-03-2026
0.0904245;14;random;229;23:08 31-03-2026
0.0904818;14;random;245;23:08 31-03-2026
0.0919573;14;random;224;23:08 31-03-2026
0.0905853;14;random;253;23:08 31-03-2026
0.0909605;14;random;245;23:08 31-03-2026
0.0900084;14;random;221;23:08 31-03-2026
0.0910861;14;random;245;23:08 31-03-2026
0.0912102;14;random;263;23:08 31-03-2026
0.091893;14;random;253;23:08 31-03-2026
0.0911892;14;random;221;23:08 31-03-2026
0.0901205;14;random;220;23:08 31-03-2026
0.0894347;14;random;254;23:08 31-03-2026
0.0916752;14;random;256;23:08 31-03-2026
0.0916905;14;random;248;23:08 31-03-2026
0.0909882;14;random;209;23:08 31-03-2026
0.0903318;14;random;228;23:08 31-03-2026
0.0798587;14;random;267;23:08 31-03-2026
0.0925603;14;random;218;23:08 31-03-2026
0.0909855;14;random;222;23:08 31-03-2026
0.0828087;14;random;238;23:08 31-03-2026
0.0920372;14;random;256;23:08 31-03-2026
0.0929405;14;random;231;23:08 31-03-2026
0.0927475;14;random;248;23:08 31-03-2026
0.0922643;14;random;251;23:08 31-03-2026
0.092451;14;random;263;23:08 31-03-2026
0.0907944;14;random;236;23:08 31-03-2026
0.091958;14;random;223;23:08 31-03-2026
0.0928527;14;random;226;23:08 31-03-2026
0.0933566;14;random;238;23:08 31-03-2026
0.0934027;14;random;241;23:08 31-03-2026
0.0930135;14;random;260;23:08 31-03-2026
0.0935649;14;random;240;23:08 31-03-2026
0.0934733;14;random;249;23:08 31-03-2026
0.0935196;14;random;239;23:08 31-03-2026
0.0937022;14;random;234;23:08 31-03-2026
0.0933223;14;random;226;23:08 31-03-2026
0.0939543;14;random;188;23:08 31-03-2026
0.0937131;14;random;243;23:08 31-03-2026
0.093515;14;random;235;23:08 31-03-2026
0.0943387;14;random;240;23:08 31-03-2026
0.0924661;14;random;242;23:08 31-03-2026
0.0895574;14;random;220;23:08 31-03-2026
0.0948994;14;random;230;23:08 31-03-2026
0.0944526;14;random;233;23:08 31-03-2026
0.0951819;14;random;261;23:08 31-03-2026
0.0951785;14;random;237;23:08 31-03-2026
0.0950077;14;random;231;23:08 31-03-2026
0.0986359;14;random;253;23:08 31-03-2026
0.0957982;14;random;230;23:08 31-03-2026
0.095143;14;random;231;23:08 31-03-2026
0.0954432;14;random;247;23:08 31-03-2026
0.0954496;14;random;248;23:08 31-03-2026
0.0939779;14;random;213;23:08 31-03-2026
0.0951762;14;random;209;23:08 31-03-2026
0.0954461;14;random;219;23:08 31-03-2026
0.0959664;14;random;224;23:08 31-03-2026
0.0959111;14;random;254;23:08 31-03-2026
0.094916;14;random;255;23:08 31-03-2026
0.0954384;14;random;239;23:08 31-03-2026
0.0949047;14;random;258;23:08 31-03-2026
0.0951402;14;random;236;23:08 31-03-2026
0.0943823;14;random;241;23:08 31-03-2026
0.0963032;14;random;250;23:08 31-03-2026
0.0973195;14;random;243;23:08 31-03-2026
0.0956123;14;random;230;23:08 31-03-2026
0.0953194;14;random;232;23:08 31-03-2026
0.096813;14;random;225;23:08 31-03-2026
0.0970498;14;random;228;23:08 31-03-2026
0.0972826;14;random;204;23:08 31-03-2026
0.0968015;14;random;253;23:08 31-03-2026
0.0964618;14;random;234;23:08 31-03-2026
0.0974545;14;random;260;23:08 31-03-2026
0.0978066;14;random;229;23:08 31-03-2026
0.0983022;14;random;251;23:08 31-03-2026
0.0980083;14;random;225;23:08 31-03-2026
0.0936597;14;random;190;23:08 31-03-2026
0.0986383;14;random;231;23:08 31-03-2026
0.0977804;14;random;253;23:08 31-03-2026
0.0972131;14;random;244;23:08 31-03-2026
0.0980586;14;random;270;23:08 31-03-2026
0.0982659;14;random;231;23:08 31-03-2026
0.0979659;14;random;266;23:08 31-03-2026
0.100059;14;random;242;23:08 31-03-2026
0.0981979;14;random;217;23:08 31-03-2026
0.0970168;14;random;221;23:08 31-03-2026
0.0988143;14;random;246;23:08 31-03-2026
0.0991166;14;random;257;23:08 31-03-2026
0.099148;14;random;231;23:08 31-03-2026
0.0984492;14;random;235;23:08 31-03-2026
0.0986418;14;random;247;23:08 31-03-2026
0.0994878;14;random;258;23:08 31-03-2026
0.0996208;14;random;226;23:08 31-03-2026
0.0985972;14;random;263;23:08 31-03-2026
0.0991173;14;random;215;23:08 31-03-2026
0.0990387;14;random;211;23:08 31-03-2026
0.0999136;14;random;240;23:08 31-03-2026
0.100319;14;random;259;23:08 31-03-2026
0.199836;14;random;236;23:08 31-03-2026
0.300935;14;random;199;23:08 31-03-2026
0.400489;14;random;240;23:08 31-03-2026
0.500018;14;random;197;23:08 31-03-2026
0.595258;14;random;192;23:08 31-03-2026
0.699561;14;random;189;23:08 31-03-2026
0.795577;14;random;209;23:08 31-03-2026
0.897391;14;random;209;23:08 31-03-2026
0.998462;14;random;213;23:08 31-03-2026
1.09563;14;random;205;23:08 31-03-2026
1.19652;14;random;220;23:08 31-03-2026
1.29219;14;random;201;23:08 31-03-2026
1.39926;14;random;207;23:08 31-03-2026
1.49602;14;random;215;23:08 31-03-2026
1.59564;14;random;216;23:08 31-03-2026
1.69989;14;random;182;23:08 31-03-2026
1.79758;14;random;207;23:08 31-03-2026
1.90064;14;random;189;23:08 31-03-2026
1.99983;14;random;183;23:08 31-03-2026
2.08498;14;random;190;23:08 31-03-2026
2.19021;14;random;200;23:08 31-03-2026
2.29743;14;random;206;23:08 31-03-2026
2.39731;14;random;208;23:08 31-03-2026
2.4892;14;random;190;23:08 31-03-2026
2.59667;14;random;203;23:08 31-03-2026
2.68216;14;random;184;23:08 31-03-2026
2.79592;14;random;200;23:08 31-03-2026
2.8964;14;random;191;23:08 31-03-2026
2.99369;14;random;195;23:08 31-03-2026
3.09558;14;random;208;23:08 31-03-2026
3.19857;14;random;214;23:08 31-03-2026
3.30068;14;random;200;23:08 31-03-2026
3.39568;14;random;212;23:08 31-03-2026
3.49444;14;random;192;23:08 31-03-2026
3.5845;14;random;199;23:08 31-03-2026
3.69945;14;random;201;23:08 31-03-2026
3.79959;14;random;211;23:08 31-03-2026
3.89889;14;random;191;23:08 31-03-2026
3.99969;14;random;182;23:08 31-03-2026
4.09954;14;random;187;23:08 31-03-2026
4.1843;14;random;182;23:08 31-03-2026
4.28341;14;random;184;23:08 31-03-2026
4.29693;14;random;193;23:08 31-03-2026
3.91976;14;random;170;23:08 31-03-2026
4.19697;14;random;150;23:08 31-03-2026
3.90283;14;random;207;23:08 31-03-2026
4.24839;14;random;164;23:08 31-03-2026
4.12176;14;random;188;23:08 31-03-2026
4.78525;14;random;183;23:08 31-03-2026
4.10453;14;random;210;23:08 31-03-2026
4.0853;14;random;191;23:08 31-03-2026
4.33708;14;random;205;23:08 31-03-2026
4.22505;14;random;196;23:08 31-03-2026
3.72664;14;random;194;23:08 31-03-2026
4.86579;14;random;201;23:08 31-03-2026
4.9378;14;random;171;23:08 31-03-2026
5.29121;14;random;166;23:08 31-03-2026
4.84219;14;random;210;23:08 31-03-2026
5.5011;14;random;175;23:08 31-03-2026
6.03893;14;random;186;23:08 31-03-2026
6.11425;14;random;195;23:08 31-03-2026
6.2354;14;random;198;23:08 31-03-2026
6.34458;14;random;184;23:08 31-03-2026
6.30945;14;random;155;23:08 31-03-2026
6.52575;14;random;200;23:08 31-03-2026
6.67145;14;random;187;23:08 31-03-2026
6.77303;14;random;179;23:08 31-03-2026
6.88777;14;random;187;23:08 31-03-2026
6.95884;14;random;179;23:08 31-03-2026
7.03039;14;random;185;23:08 31-03-2026
7.14348;14;random;189;23:08 31-03-2026
7.24741;14;random;160;23:08 31-03-2026
7.3303;14;random;150;23:08 31-03-2026
7.49251;14;random;188;23:08 31-03-2026
7.58252;14;random;189;23:08 31-03-2026
7.69827;14;random;159;23:08 31-03-2026
7.78732;14;random;193;23:09 31-03-2026
7.88652;14;random;193;23:09 31-03-2026
7.96692;14;random;190;23:09 31-03-2026
8.08723;14;random;170;23:09 31-03-2026
8.17439;14;random;199;23:09 31-03-2026
8.28866;14;random;164;23:09 31-03-2026
8.39445;14;random;187;23:09 31-03-2026
8.48374;14;random;197;23:09 31-03-2026
8.52963;14;random;201;23:09 31-03-2026
8.66224;14;random;193;23:09 31-03-2026
8.77263;14;random;180;23:09 31-03-2026
8.86466;14;random;196;23:09 31-03-2026
8.97879;14;random;164;23:09 31-03-2026
9.04756;14;random;173;23:09 31-03-2026
9.17905;14;random;171;23:09 31-03-2026
9.28168;14;random;173;23:09 31-03-2026
9.38347;14;random;150;23:09 31-03-2026
9.49639;14;random;183;23:09 31-03-2026
9.58614;14;random;177;23:09 31-03-2026
9.68105;14;random;171;23:09 31-03-2026
9.79816;14;random;182;23:09 31-03-2026
9.88474;14;random;170;23:09 31-03-2026
9.99847;14;random;178;23:09 31-03-2026
